96038:9	oh, where do you stay *t*-1?	0.1322222222222222	0.09944444444444445	0.7683333333333333	0.0	where	0
124377:7	so what do you, uh, think 0 *t*-1 is the, uh, the worst culprit for air pollution?	0.10190476190476191	0.16095238095238096	0.6823809523809524	0.054761904761904755	what	0
40579:20	where do, where do you live *t*-1?	0.002857142857142857	0.014761904761904764	0.9757142857142856	0.006190476190476195	where	0
50761:14	you know, how you going *-2 to cover that many people *t*-1	0.08473684210526315	0.2794736842105263	0.5310526315789473	0.10473684210526314	how	0
59442:6	so why * have any restrictions at all *t*-1?	0.33749999999999997	0.24450000000000002	0.418	5.5511151231258e-18	why	0
29686:4	what did you call that *t*-1?	0.008000000000000002	0.184	0.7190000000000001	0.089	what	0
115353:16	what, what does a computer club do *t*-1.	0.521578947368421	0.16947368421052633	0.30421052631578943	0.004736842105263157	what	0
157910:20	who's, who's *t*-1 not very well educated?	0.3157894736842105	0.15578947368421053	0.43631578947368416	0.09210526315789475	who	0
74194:31	so if you were *-1 to improve it, what would you do *t*-2 *-3 to improve it?	0.43631578947368427	0.3042105263157895	0.2594736842105263	0.0	what	1
150184:9	so. how's your products been *t*-1?	0.09000000000000001	0.19894736842105262	0.17736842105263156	0.5336842105263159	how	0
31540:4	what limits *t*-1 ought *-2 to be put *-3 on it, do you think 0 *t*-4?	0.4215	0.20600000000000002	0.33399999999999996	0.038500000000000006	what	1
171135:4	what do you think *t*-1?.	0.22149999999999997	0.2595	0.16799999999999998	0.351	what	0
108123:4	what kind do you like *-1 to watch *t*-2?	0.2742857142857143	0.3280952380952381	0.3685714285714285	0.029047619047619048	what	0
61830:4	how do you go about * getting one of those a catalogs *t*-1?	0.05238095238095238	0.3380952380952381	0.6038095238095239	0.005238095238095238	how	0
156332:16	what, what, uh, newspapers do you read *t*-1?	0.771904761904762	0.10333333333333333	0.12190476190476193	0.002857142857142857	what	0
177068:9	hey, what do you think *t*-1,	0.23095238095238094	0.2690476190476191	0.3604761904761905	0.13952380952380952	what	0
146275:4	what do you,	0.0335	0.11099999999999999	0.255	0.6005	what	0
111490:9	well, what are some of your, your favorite inexpensive places *t*-1?	0.39666666666666667	0.33999999999999997	0.10714285714285714	0.1561904761904762	what	0
144081:90	because i, you know, if somebody has been convicted *-1 and has been sentenced *-1 *-1 to be put *-2 to death, how is it that they can appeal and appeal and appeal and get stays of ex-, execution *t*-3?	0.19947368421052633	0.11421052631578947	0.3426315789473684	0.34368421052631576	how	1
138191:9	well, how do you think that that's happened *t*-1?	0.1636842105263158	0.24947368421052632	0.33157894736842103	0.2552631578947368	how	0
108127:13	and, uh, what's the other one *t*-1 now,	0.06476190476190476	0.07714285714285714	0.8104761904761905	0.04761904761904763	what	0
15539:4	what have you seen *t*-1 lately?	0.47555555555555556	0.23333333333333334	0.2827777777777778	0.0077777777777777845	what	0
84723:4	how do you feel about it *t*-1?	0.16999999999999998	0.1638095238095238	0.5333333333333333	0.13285714285714287	how	0
124976:82	if you had, uh, no financial requirements, if you could buy any car in the entire world, no matter what it cost *t*-1, what would you buy *t*-2?	0.1045	0.231	0.616	0.0485	what	1
126265:4	what do you think *t*-1?.	0.1040909090909091	0.10318181818181818	0.4640909090909091	0.32863636363636367	what	0
146911:7	so how do you dress *t*-1?	0.0505	0.3845	0.5499999999999999	0.014500000000000002	how	0
21666:16	what, what are you doing *t*-1?	0.02277777777777778	0.2283333333333333	0.6861111111111111	0.06277777777777777	what	0
151036:20	what was, what was the other case *t*-1?	0.0025	0.01	0.8795	0.10800000000000001	what	0
5449:4	who would *t*-1 steal a newspaper?	0.13789473684210526	0.43684210526315786	0.22684210526315787	0.19789473684210526	who	1
100218:4	what *ich*-1 does that house got *t*-2 attraction?	0.09947368421052633	0.04631578947368422	0.24210526315789477	0.6121052631578948	what	0
10628:6	and what do you have *t*-1.	0.4978947368421052	0.1931578947368421	0.22842105263157894	0.08052631578947368	what	0
82856:12	well, then how can a democracy work then *t*-1?	0.1457894736842105	0.31894736842105265	0.43	0.10526315789473684	how	1
165945:4	what do you call it *t*-1?	1.1686558153948999e-17	0.025789473684210522	0.8621052631578947	0.11210526315789474	what	0
14147:4	what did you think *t*-1 of the news coverage of the war?	0.26849999999999996	0.19750000000000004	0.272	0.262	what	0
6902:4	what are you afraid of *t*-1 with them?	0.358421052631579	0.27894736842105267	0.30421052631578943	0.058421052631578964	what	0
89239:4	what was the last one *t*-1?	0.0	0.10789473684210528	0.8921052631578947	0.0	what	0
36324:5	what else do i do *t*-1.	0.4563636363636363	0.42818181818181816	0.07636363636363636	0.038636363636363635	what	0
31262:4	what are you telling that student *t*-1?	0.2261904761904762	0.07047619047619048	0.6042857142857143	0.09904761904761905	what	0
99331:4	what *t*-1 brought you down here?	0.1505263157894737	0.12157894736842105	0.7242105263157894	0.0031578947368420943	what	0
119753:32	but, uh, how do you, how do you, uh, stay aware of most of the current events *t*-1.	0.17105263157894737	0.4247368421052632	0.3668421052631579	0.03736842105263158	how	0
24323:4	what's *t*-1 going *-2 to happen when she gets there *t*-3.	0.17	0.358	0.23549999999999996	0.2365	what	0
76183:18	and, you know, how do you tell your parent's, the parent, hey, * wake up, and smell the coffee *t*-1.	0.05777777777777778	0.20944444444444443	0.5416666666666666	0.19055555555555556	how	0
17923:4	how do you feel that it should be applied *-2 *t*-1?	0.15250000000000002	0.29500000000000004	0.484	0.06799999999999999	how	1
118807:9	well, what do you think *t*-1 of, uh, this, uh, u s free trade agreement 0 we're working on *t*-2 with mexico?	0.10523809523809524	0.19095238095238093	0.5209523809523808	0.18285714285714286	what	0
154133:29	uh, after all, who, who *t*-1 writes.	0.14761904761904765	0.22333333333333336	0.14476190476190473	0.4842857142857144	who	0
118143:4	why * bother *-1 working *t*-2?	0.15523809523809523	0.3161904761904762	0.3857142857142858	0.14285714285714285	why	0
131942:4	what do you use it for *t*-1?	0.19894736842105262	0.22526315789473686	0.3915789473684211	0.18421052631578946	what	0
78481:16	by, what do you mean *t*-1 by liberal, um.	0.32199999999999995	0.15450000000000003	0.3555	0.16799999999999998	what	0
125234:4	where's it all going *t*-1?	0.5321052631578947	0.059473684210526324	0.2715789473684211	0.1368421052631579	where	0
65842:4	what would you do *t*-1?	0.0731578947368421	0.22263157894736843	0.5989473684210526	0.10526315789473684	what	1
66396:59	but rather it's *?* *-5 on the rules of evidence, what can i hide *t*-2 and what do i have *-1 to tell *t*-3.	0.40210526315789474	0.10421052631578948	0.1873684210526316	0.3063157894736842	what	0
43310:4	what have you seen *t*-1?	0.33333333333333337	0.26857142857142857	0.29619047619047617	0.1014285714285714	what	0
19857:18	so, you know. what does that make me *t*-1,	0.11761904761904762	0.29333333333333333	0.46761904761904766	0.12142857142857141	what	0
144371:14	well, michael, what do you think *t*-1 about, uh, funding for aids research?	0.14904761904761904	0.25523809523809526	0.21571428571428572	0.38	what	0
112615:4	what do you do *t*-1?	0.10210526315789474	0.07210526315789474	0.36947368421052634	0.45631578947368423	what	0
39264:8	so. where did you get your recipe for it *t*-1?	0.0215	0.054000000000000006	0.73	0.1945	where	0
102522:21	well, wha-, what's your next,	0.011052631578947356	0.11526315789473685	0.6321052631578947	0.24105263157894738	what	0
12022:9	uh, when was the last time 0 you saw a truck that *t*-1 didn't belch, smoke, or, uh,	0.11947368421052632	0.3026315789473684	0.35684210526315796	0.22052631578947365	when	0
91886:4	where have you all been *t*-1 on vacation recently?	0.3678947368421053	0.21894736842105264	0.30210526315789477	0.11105263157894736	where	0
5532:4	how you doing *t*-1?	0.09666666666666668	0.07761904761904763	0.3019047619047619	0.5238095238095238	how	0
135929:4	where are you from *t*-1 originally?	0.012105263157894725	0.02789473684210527	0.9305263157894736	0.028947368421052645	where	0
159887:42	what kind of music is, does what songs does he play *t*-1?	0.33285714285714285	0.2533333333333334	0.2519047619047619	0.1619047619047619	what	0
19672:9	so, what's the latest one 0 you've read *t*-1 *t*-2?	0.017272727272727273	0.038181818181818185	0.7854545454545455	0.1590909090909091	what	0
159673:16	wh-, what's the old country music like *t*-1?	0.1325	0.17200000000000001	0.40800000000000003	0.2875	what	0
89865:4	who *t*-1 wrote that?	0.09157894736842105	0.12315789473684209	0.7768421052631579	0.008421052631578947	who	0
113414:14	so i guess why should the government *?* *t*-1.	0.08894736842105262	0.26421052631578945	0.3263157894736842	0.32052631578947366	why	1
83882:4	what color is, is yours blooming *t*-1?	0.0	0.09666666666666668	0.6647619047619048	0.23857142857142857	what	0
158994:4	what are you studying *t*-1 down there?	0.1380952380952381	0.16333333333333333	0.6561904761904762	0.0419047619047619	what	0
153193:4	how does he treat the other people *t*-1?	0.29333333333333333	0.19333333333333336	0.4452380952380952	0.0680952380952381	how	0
126779:4	how do you dress *t*-1?	0.1368181818181818	0.19318181818181818	0.5245454545454545	0.14545454545454542	how	0
51033:9	hum, what do you think 0 *t*-1 could be done *-2 about it?	0.24578947368421047	0.5142105263157895	0.2231578947368421	0.016842105263157894	what	1
72731:16	how, how do you look at * counting credit cards *t*-1?	0.08842105263157896	0.3021052631578947	0.43999999999999995	0.16947368421052633	how	0
119725:10	well, what particularly are you interested in *t*-1?	0.12200000000000003	0.32299999999999995	0.518	0.037000000000000005	what	0
37293:4	where do you think 0 this is going *t*-1 in the future,	0.08761904761904762	0.1661904761904762	0.31952380952380954	0.42666666666666664	where	0
172323:4	where you going to school *t*-1?	0.014210526315789474	0.06421052631578947	0.8710526315789474	0.05052631578947369	where	0
5329:14	i mean, what's the other one *t*-1, uh,	0.05	0.10761904761904763	0.8042857142857143	0.0380952380952381	what	0
174870:4	where do you work *t*-1?	0.0014999999999999888	0.006000000000000005	0.9905000000000002	0.0020000000000000005	where	0
127830:6	and who *t*-2 knows still, what *t*-1 ha-, really happened, you know.	0.11950000000000001	0.12250000000000003	0.142	0.616	who	0
96180:20	or, or what do you think *t*-1?	0.4152380952380953	0.18761904761904763	0.18476190476190477	0.2119047619047619	what	0
78887:7	well what did you think *t*-1 of reagan as a president?	0.2005263157894737	0.18157894736842103	0.2642105263157895	0.35368421052631577	what	0
95676:26	if people will pay two hundred then why * charge ten *t*-1.	0.17789473684210524	0.2094736842105263	0.41789473684210526	0.19473684210526318	why	1
123363:6	so what do you guys having *t*-1 up there?	0.32476190476190475	0.14952380952380956	0.4014285714285714	0.12428571428571428	what	0
113858:6	so where did your parents come from *t*-1?	0.02952380952380953	0.027142857142857142	0.9433333333333335	0.0	where	0
67001:9	uh, what do you ride *t*-1, uh,	0.03052631578947369	0.19842105263157891	0.7678947368421053	0.002631578947368426	what	0
115806:4	what do you,	0.028181818181818186	0.06454545454545453	0.35045454545454546	0.5568181818181818	what	0
109109:4	where do you live *t*-1?	0.07052631578947367	0.08789473684210528	0.8368421052631579	0.0047368421052631626	where	0
22805:4	how do you feel about them *t*-1, i mean, since you've kind of been close to that.	0.28578947368421054	0.1542105263157895	0.3526315789473684	0.20736842105263156	how	0
78711:14	i mean, what would it take *t*-1,	0.21842105263157893	0.4473684210526316	0.14578947368421052	0.18842105263157896	what	1
80920:4	what's the last movie 0 you saw *t*-1 *t*-2?	0.042222222222222196	0.07444444444444447	0.8688888888888889	0.014444444444444446	what	0
116314:8	so, where, have you skied *t*-1?	0.717	0.19699999999999998	0.08600000000000001	0.0	where	0
61796:21	well, what, what is a a good brand a inexpensive *t*-1.	0.07473684210526317	0.54	0.2536842105263158	0.1310526315789474	what	0
37312:4	what do you think *t*-1,	0.17473684210526316	0.34105263157894733	0.25684210526315787	0.22736842105263155	what	0
33654:4	what'd they do *t*-1 for that?	0.18454545454545457	0.05863636363636364	0.5613636363636364	0.1954545454545455	what	1
122048:9	but. what else would *t*-1 be an annoyance?	0.4768421052631579	0.35947368421052633	0.14	0.023157894736842106	what	1
13236:60	what, what would, what would you find, what would you have them do *t*-1?	0.26238095238095244	0.26571428571428574	0.2923809523809524	0.17952380952380953	what	1
65012:4	what college are you teaching at *t*-1?	0.008947368421052636	0.01789473684210527	0.9626315789473684	0.01	what	0
155156:4	what are they doing *t*-1 up there?	0.14	0.10210526315789474	0.598421052631579	0.15947368421052632	what	0
160359:8	so what's a guy *-3 to do *t*-1? you know.. i asked myself *t*-2.	0.033157894736842115	0.14947368421052631	0.15578947368421053	0.661578947368421	what	0
63244:6	and why didn't it work last time *t*-1?.	0.2889473684210526	0.2752631578947369	0.4152631578947369	0.020526315789473684	why	0
177592:4	why don't you start *t*-1?	0.10045454545454545	0.16272727272727272	0.3118181818181818	0.425	why	0
145807:14	well, uh, what benefits do,	0.41	0.0561904761904762	0.17666666666666667	0.35714285714285715	what	0
61506:9	well, how did he get out *t*-1?	0.04904761904761905	0.06285714285714286	0.888095238095238	0.0	how	0
164667:7	so how do you, uh,	0.011428571428571423	0.035238095238095235	0.26095238095238094	0.6919047619047619	how	0
94077:4	where is it going *-1 to be *t*-2?	0.0005	0.017499999999999998	0.9744999999999999	0.0075	where	0
99843:19	now what, what do they pick *t*-1 up?	0.5410526315789475	0.18842105263157896	0.1573684210526316	0.11263157894736843	what	0
161866:22	what kind of, what lake do you all use *t*-1?	0.11789473684210527	0.06947368421052631	0.6773684210526315	0.13526315789473686	what	0
41547:4	what do you usually wear *t*-1 to work?.	0.16904761904761906	0.38047619047619047	0.4404761904761906	0.01	what	0
104072:16	and then, uh, who *t*-1 knows how they process it from there *t*-2 and what they turn it into *t*-3,	0.08473684210526317	0.21789473684210528	0.09157894736842107	0.6047368421052631	who	0
110218:9	well, how did you like that topic *t*-1?	0.017272727272727273	0.06909090909090909	0.39681818181818185	0.5168181818181818	how	0
126136:4	how did radio shack work *t*-1?	0.0705	0.03	0.8825	0.017000000000000005	how	0
21725:6	and where do you go *t*-1?	0.1922222222222222	0.22944444444444445	0.5733333333333334	0.0044444444444444444	where	0
47158:4	where have you, uh,	0.16473684210526315	0.31578947368421045	0.2752631578947369	0.24421052631578952	where	0
52104:4	what *t*-1 was your favorite all time movie?	0.007142857142857143	0.056190476190476187	0.858095238095238	0.0780952380952381	what	0
157191:6	and why, does it just turn out *-1 to be genetic or biochemical in origin *t*-2.	0.22799999999999998	0.14350000000000002	0.4265	0.2015	why	0
6220:90	now that i'm a hundred percent vested *-1, you know, you kind of look through the book and see well, what exactly, what does that mean *t*-2 and what is the pension all about *t*-3	0.24571428571428572	0.10476190476190476	0.5004761904761905	0.14904761904761904	what	0
74464:6	so where do you live at *t*-1,	0.07052631578947367	0.07473684210526317	0.8547368421052632	1.1686558153949053e-17	where	0
63242:4	why didn't it work last time *t*-1?	0.13999999999999999	0.1473684210526316	0.7068421052631578	0.005789473684210527	why	0
81680:4	what do you think *t*-2 of that, uh, the greenhouse effect that *t*-1's going on?	0.18666666666666668	0.18095238095238098	0.46761904761904755	0.16476190476190478	what	0
153381:4	how do you feel *t*-1 about gun control?	0.11789473684210527	0.09789473684210526	0.38842105263157894	0.3957894736842105	how	0
13335:49	i get some of these things *ich*-4 in the mail that i wonder, where in the world did they get my address *t*-2 or where did they get my name *t*-1 *t*-3.	0.11	0.11142857142857145	0.5633333333333334	0.21523809523809523	where	0
145616:4	what should i say *t*-1	0.04545454545454546	0.3409090909090909	0.5127272727272728	0.10090909090909089	what	1
99178:16	what, what does,	0.135	0.07388888888888888	0.09888888888888889	0.6922222222222223	what	0
66396:41	but rather it's *?* *-5 on the rules of evidence, what can i hide *t*-2 and what do i have *-1 to tell *t*-3.	0.238	0.06300000000000001	0.147	0.5519999999999999	what	1
136873:4	how can you watch that *t*-1, you know	0.14842105263157893	0.10157894736842103	0.09789473684210526	0.6521052631578947	how	1
103015:4	where do you live *t*-1?	0.013000000000000001	0.0205	0.9344999999999999	0.0315	where	0
39379:4	what time should we be there *t*-1?.	0.02142857142857143	0.06380952380952383	0.5428571428571429	0.3719047619047619	what	1
155386:4	what do i do *t*-1,	0.319047619047619	0.2233333333333333	0.3623809523809524	0.09523809523809523	what	0
87956:4	how can i tell you *t*-1.	0.022	0.523	0.242	0.213	how	1
25144:43	and if we can't take it and use it easily, well, how can you put that on, like, elderly people and you know, just people that *t*-1 maybe just aren't blessed with as, as much sharpness and ment-, mental acuity *t*-2,	0.075	0.153	0.13699999999999998	0.6345	how	1
43862:24	and who *t*-1 wants who *t*-2 wants *-3 to drive twenty miles *-4 to go to the movies.	0.08285714285714287	0.34285714285714286	0.09666666666666668	0.47761904761904767	who	0
58060:20	and, and what were we trying *-1 to do *t*-2.	0.1505	0.08549999999999999	0.579	0.185	what	0
87594:4	what do you think *t*-1?	0.194	0.09949999999999999	0.36550000000000005	0.341	what	0
132650:4	what are we having *t*-1?	0.4794736842105264	0.17052631578947366	0.28421052631578947	0.06578947368421052	what	0
72234:4	what was the last book 0 you read *t*-1 *t*-2?	-1.1686558153948999e-17	0.015789473684210537	0.9605263157894737	0.02368421052631579	what	0
109013:16	what, what do you feel 0 *t*-2 is the, the major change that *t*-1's been going on?	0.2415	0.15400000000000003	0.5845	0.02	what	0
131927:4	what did you do *t*-1,	0.045789473684210526	0.10842105263157895	0.33421052631578946	0.511578947368421	what	0
128710:4	how did,	0.08099999999999999	0.07599999999999998	0.248	0.5945	how	0
147088:4	where did you live *t*-1 before?	0.1726315789473684	0.014736842105263171	0.773157894736842	0.039473684210526314	where	0
139991:23	what are you, what are you studying *t*-1 there at heidelberg?	0.11	0.056363636363636366	0.7845454545454547	0.0490909090909091	what	0
142635:4	what color did you paint *t*-1,	0.08476190476190477	0.06285714285714286	0.6942857142857143	0.1580952380952381	what	0
174259:54	if, if the judge was doing it himself, without any checks and balances who *t*-1's *-2 to say.	0.10363636363636365	0.3109090909090909	0.35090909090909095	0.23454545454545456	who	0
134352:4	how'd you like *-1 to own a piece of property where your lake is going sour because of acid rain *t*-3 *t*-2.	0.0468421052631579	0.056842105263157895	0.034210526315789476	0.8621052631578947	how	1
51293:9	uh, who's the last one *t*-1.	0.0022222222222222283	0.00055555555555555	0.9249999999999999	0.07222222222222222	who	0
122929:4	how would you achieve that *t*-1?	0.27631578947368424	0.24526315789473685	0.4784210526315789	0.0	how	1
100712:69	and, uh, if we have children who *t*-1 are not getting their education, for one reason or another, then what are we going *-2 to do *t*-3 with them?	0.23684210526315788	0.2521052631578947	0.34210526315789475	0.16894736842105262	what	0
152309:4	what do you consider *t*-1 most important, you think, in terms of, of the different benefits?	0.12000000000000001	0.1477777777777778	0.6111111111111112	0.1211111111111111	what	0
57942:6	so why aren't you helping us *t*-1?	0.15105263157894738	0.1568421052631579	0.6578947368421053	0.034210526315789476	why	0
113499:4	how do you feel *t*-1 about that lenore?	0.08222222222222222	0.19722222222222222	0.34777777777777774	0.37277777777777776	how	0
127608:9	uh, what do i watch *t*-1 at nine o'clock.	0.032000000000000015	0.25650000000000006	0.6355	0.076	what	0
158812:6	or what do yo-,	0.1561904761904762	0.1619047619047619	0.1257142857142857	0.5557142857142857	what	0
177026:4	what do you think *t*-1?.	0.3526315789473684	0.27210526315789474	0.23842105263157895	0.1368421052631579	what	0
137110:4	where'd you,	0.03818181818181818	0.08545454545454545	0.6150000000000001	0.26136363636363635	where	1
160583:4	what do you think *t*-1?	0.22666666666666668	0.21944444444444444	0.3316666666666667	0.2222222222222222	what	0
170701:21	so, wha-, what do you have *t*-1?	0.1394736842105263	0.10421052631578948	0.5942105263157894	0.16210526315789472	what	0
149274:12	oh, now where do they live *t*-1?	0.035263157894736843	0.03631578947368421	0.8863157894736842	0.042105263157894736	where	0
175577:75	he needs *-1 to do his own course of investigation and, and see what he can do *t*-5 because who *t*-2 knows what *t*-3's going *-4 to happen in another thirty years.	0.09571428571428571	0.09619047619047619	0.05952380952380952	0.7485714285714286	who	0
71743:9	well, what are you studying *t*-1?	0.19052631578947368	0.07421052631578946	0.678421052631579	0.056315789473684215	what	0
168893:13	so, uh, what things do you consider *t*-1 an invasion of privacy?	0.6523809523809525	0.24142857142857144	0.06523809523809522	0.04095238095238095	what	0
177221:9	so, how do you feel *t*-1?	0.0719047619047619	0.21095238095238095	0.5457142857142857	0.17142857142857143	how	0
174758:4	what program you in *t*-1?	0.018	0.0635	0.8595	0.05900000000000002	what	0
158655:7	well what do you feel *t*-1 about the, um, present situation in the mideast?	0.22894736842105262	0.29526315789473684	0.38842105263157894	0.08736842105263158	what	0
155630:4	what do you think *t*-1?	0.29368421052631577	0.17842105263157892	0.29263157894736835	0.23526315789473687	what	0
82137:4	how'd you get into it *t*-1?	0.048947368421052635	0.07052631578947369	0.8521052631578948	0.028421052631578948	how	0
97007:18	and, you know, where do you find the time *t*-1.	0.1585	0.16499999999999998	0.213	0.46349999999999997	where	0
133681:9	well, how did it go *t*-1?	0.10631578947368421	0.07157894736842105	0.5594736842105262	0.26263157894736844	how	0
170362:7	now how do you mean that *t*-1?	0.08578947368421053	0.16894736842105262	0.5357894736842106	0.20947368421052628	how	0
150179:6	so how do you know this much about, um, * stealing cars *t*-1?	0.2719047619047619	0.06714285714285714	0.3771428571428571	0.2838095238095238	how	0
132156:4	what do you think *t*-1 about, uh, the self insurance business?	0.19368421052631576	0.31999999999999995	0.27	0.21631578947368424	what	0
154973:12	well, now who do you play with *t*-1?	0.5175000000000001	0.17350000000000002	0.3085	0.0	who	0
174968:16	wh-, what *t*-1 happens if you were *-2 to fail?	0.40631578947368424	0.24578947368421053	0.1763157894736842	0.17157894736842105	what	0
81479:4	what do you call a, uh, double ceiling, double high in one half of the house *t*-1.	5.843279076974526e-18	0.027894736842105264	0.8305263157894738	0.14157894736842105	what	0
116052:4	what do you like *t*-1 about tempe?	0.3042857142857143	0.45714285714285713	0.1742857142857143	0.06428571428571428	what	0
105671:4	how did you ever get into that *t*-1?	0.023809523809523805	0.20571428571428568	0.6480952380952382	0.12238095238095237	how	0
56100:28	and even if it's not environmentally safe, who *t*-1 cares, you know.	0.02421052631578948	0.08473684210526315	0.028421052631578955	0.8626315789473684	who	0
60729:14	um, well, what do you think 0 *t*-1 is, uh, the pollutants, the main pollutants in the air?	0.46499999999999997	0.06799999999999998	0.40549999999999997	0.0615	what	0
141868:45	what, what's, i mean, what are we supposed *-2 to, uh, compare it to *t*-3 you know, i mean, the quality, uh,	0.26789473684210524	0.3021052631578948	0.308421052631579	0.12105263157894736	what	0
176164:16	why, why we need *-1 to replace it?	0.1968421052631579	0.15578947368421053	0.6473684210526316	0.0	why	0
72840:6	and who *t*-3 knows how many people, *t*-2 are looking at those, uh, bills that *t*-1 come in, and those statements,	0.5878947368421054	0.056842105263157895	0.03263157894736843	0.3226315789473684	who	0
28397:4	what do you use *t*-1?	0.11894736842105265	0.09684210526315791	0.781578947368421	0.0026315789473684314	what	0
113825:8	so, what do you think *t*-1 about it?	0.28578947368421054	0.18947368421052632	0.23157894736842108	0.2931578947368421	what	0
91011:4	where is that *t*-1, you know.	0.05105263157894737	0.061578947368421046	0.6973684210526315	0.19	where	0
21649:34	so what, what, how do you spend the time with your children *t*-1?	0.27473684210526317	0.46315789473684216	0.1568421052631579	0.10526315789473684	how	0
25997:6	so what is it *t*-1 now?	0.09631578947368422	0.056315789473684215	0.6810526315789474	0.16631578947368422	what	0
44161:16	why, why should we be the ones that *t*-1 have *-2 to do it *t*-3 and things like that	0.31157894736842107	0.2236842105263158	0.28578947368421054	0.17842105263157892	why	1
149109:14	well, see, what do you do *t*-1?	0.22473684210526318	0.20421052631578948	0.5352631578947369	0.03578947368421054	what	0
17150:9	oh, what can,	0.049523809523809526	0.11714285714285715	0.1304761904761905	0.7028571428571428	what	1
49447:4	what did you have *t*-1 before you bought that.	0.028421052631578948	0.15842105263157893	0.8131578947368421	0.0	what	0
147909:14	well, uh, what is your favorite kind of music *t*-1?	0.0668421052631579	0.1368421052631579	0.6910526315789474	0.10526315789473684	what	0
21989:4	what are you learning *-2 to be *t*-1?	0.12777777777777777	0.03277777777777777	0.8383333333333334	0.0011111111111111118	what	0
155563:14	uh, so, what do you think *t*-1, uh, about * putting the elderly in a nursing home?	0.22947368421052627	0.2847368421052632	0.24631578947368418	0.23947368421052637	what	0
25048:4	why do you think 0 it, uh, sounds,	0.145	0.23249999999999998	0.3335	0.28900000000000003	why	0
102211:9	well, how we	0.059444444444444446	0.12277777777777778	0.10055555555555556	0.7172222222222222	how	0
167503:16	what, what, are you putting *t*-1 in	0.039473684210526314	0.11789473684210527	0.7794736842105263	0.06315789473684212	what	0
14538:4	what are they going up to *t*-1,	0.05000000000000001	0.16055555555555553	0.5900000000000001	0.19944444444444445	what	0
29261:4	where do you get most of your news *t*-1?	0.18	0.16545454545454547	0.6063636363636363	0.04818181818181817	where	0
29980:4	how do you feel *t*-1 about credit cards?	0.1336842105263158	0.09421052631578948	0.4378947368421053	0.33421052631578946	how	0
21969:23	what does it, what does it cost *t*-1.	0.20400000000000001	0.0695	0.1945	0.5319999999999999	what	0
8992:10	uh, what else did i get *t*-1 in there,	0.6842105263157895	0.1405263157894737	0.08421052631578947	0.09105263157894737	what	0
164353:16	what, what do you think 0 *t*-1 is, uh, is an appropriate, uh, punishment for some of the various, you know, such as, things such as rape or, or, uh, murder or something like that.	0.2715789473684211	0.2242105263157895	0.3436842105263158	0.16052631578947368	what	0
87987:9	well, who *t*-1 knows.	0.1927777777777778	0.16055555555555556	0.031111111111111107	0.6155555555555555	who	0
19578:21	wh-, uh, w-, what do you get shot *-1 by *t*-5	0.015909090909090907	0.15045454545454545	0.5095454545454544	0.3240909090909091	what	0
171230:19	i mean our kids, where would they be *t*-1 without nintendo and, you know, their t v shows	0.031999999999999994	0.07950000000000002	0.10800000000000001	0.7805	where	1
153057:6	or who *t*-1 killed who.	0.036666666666666674	0.07809523809523809	0.5247619047619049	0.36047619047619045	who	0
112090:26	now what is your, what's your child's favorite place 0 * to eat *t*-1 *t*-2?	0.049473684210526316	0.19894736842105265	0.6726315789473685	0.07894736842105263	what	0
111826:4	what are your favorite places *t*-1?	0.6626315789473683	0.17578947368421052	0.13157894736842105	0.030000000000000002	what	0
28905:7	now what year are we talking about *t*-1?	0.000499999999999989	0.026999999999999996	0.638	0.3345	what	0
76952:4	what do you think 0 *t*-1 are some current trends in, uh, the way 0 families spend time together *t*-2, based on what you've seen *t*-3.	0.6394736842105263	0.2552631578947368	0.08631578947368422	0.018947368421052636	what	0
138823:9	uh, what do you think *t*-1 about it?	0.2677777777777778	0.20500000000000002	0.36944444444444446	0.15777777777777777	what	0
129529:6	and what would that be like *t*-1,	0.1561904761904762	0.20761904761904765	0.4533333333333333	0.18285714285714286	what	1
128464:4	what have you seen *t*-1 lately?	0.2845	0.44800000000000006	0.18849999999999997	0.079	what	0
39618:4	where did you get,	0.013809523809523808	0.09666666666666668	0.7861904761904761	0.10333333333333333	where	0
102217:4	what's your favorite restaurant *t*-1?	0.07166666666666667	0.07277777777777779	0.6755555555555556	0.18000000000000002	what	0
145610:4	what do you think *t*-1 about it?	0.1465	0.2825	0.36900000000000005	0.202	what	0
126419:6	but how did you get on it *t*-1?	0.03894736842105263	0.09894736842105263	0.8157894736842104	0.04631578947368422	how	0
149292:9	uh, what are the ages of your kids *t*-1 then?	0.4605263157894737	0.04157894736842107	0.31894736842105265	0.17894736842105266	what	0
163081:9	oh, what's that called *-2 *t*-1,	0.0015	0.038	0.958	0.0025	what	0
40202:4	what do they have *t*-1	0.17099999999999999	0.26349999999999996	0.40750000000000003	0.158	what	0
15369:10	and then what else did i have *t*-1?	0.3177777777777778	0.23888888888888887	0.36000000000000004	0.08333333333333333	what	0
95212:6	and what do you work on *t*-1 at t i?	0.16619047619047617	0.2080952380952381	0.41904761904761906	0.2066666666666667	what	0
59481:4	how does the argument work if, uh, if the bad guys are going *-1 to have guns anyway *t*-2.	0.13190476190476189	0.37047619047619046	0.35904761904761906	0.13857142857142857	how	0
150774:7	so how do you get most of your current event information *t*-1?	0.3542105263157895	0.16999999999999998	0.4715789473684211	0.004210526315789479	how	0
5604:48	wh-, what did, how, how did you get *-2 to know about the t i thing *t*-3?	0.1457142857142857	0.08142857142857143	0.5623809523809524	0.21047619047619048	how	0
124241:4	what do you think 0 *t*-1 going *-2 to happen to the rangers?	0.13157894736842107	0.4194736842105264	0.3678947368421053	0.08105263157894738	what	0
8650:6	or what's the specialty that you're looking for *t*-1 *t*-2?	0.07363636363636364	0.10454545454545455	0.8113636363636364	0.010454545454545446	what	0
54329:4	what do they say *t*-1,	0.04857142857142857	0.24761904761904757	0.390952380952381	0.31285714285714283	what	0
95947:16	where, where do you usually go *t*-1?	0.19526315789473683	0.22210526315789472	0.5826315789473685	5.843279076974526e-18	where	0
13472:27	so she'll, you know, why are you cutting off the phone *t*-1,	0.04571428571428572	0.1461904761904762	0.7266666666666668	0.08095238095238096	why	0
137813:4	what did you get *t*-1?	0.08578947368421053	0.02526315789473684	0.8800000000000001	0.008947368421052633	what	0
138616:4	what am i going *-1 to fix *t*-2 for supper.	0.05380952380952381	0.2619047619047619	0.6285714285714284	0.05571428571428571	what	0
115734:4	where did you all move from *t*-1?	0.022	0.0155	0.9550000000000001	0.007500000000000005	where	0
16834:16	what, what do you do *t*-1?	0.15842105263157893	0.06894736842105263	0.666842105263158	0.10578947368421054	what	0
103191:13	but, uh, who *t*-1 knows what the future will hold *t*-2. uh, as far as energy goes,	0.13999999999999999	0.05888888888888889	0.08277777777777778	0.7183333333333333	who	1
5736:4	when do you get out *t*-1?	0.0	0.09421052631578948	0.8531578947368421	0.05210526315789474	when	0
20675:4	what are trying *-1 to get *t*-2?	0.0965	0.1435	0.7020000000000001	0.057999999999999996	what	0
33964:9	uh, how do you feel about it *t*-1?	0.08722222222222223	0.17388888888888887	0.5327777777777777	0.2061111111111111	how	0
132595:16	wha-, what do you think *t*-1 of that new luxury car tax, anything over ten thou-, or thirty thousand dollars?	0.21842105263157893	0.1236842105263158	0.31263157894736837	0.3452631578947368	what	0
177256:4	how do you feel *t*-1 about haitian immigration?	0.2536842105263158	0.11578947368421051	0.4026315789473684	0.22789473684210526	how	0
141164:7	so what do you feel 0 *t*-1 are the current trends in the way 0 families spend time in general, you know, in america *t*-2?	0.5755	0.20750000000000002	0.11699999999999999	0.1	what	0
74224:4	why don't you do something with those *t*-1?	0.1768421052631579	0.17842105263157895	0.4094736842105263	0.23526315789473687	why	0
123033:11	and, and how will you, make that actually happen *t*-1?	0.1405	0.28250000000000003	0.575	0.002	how	1
120181:4	what does he think *t*-1 of your, uh, t shirts and,	0.28421052631578947	0.14631578947368423	0.28789473684210526	0.28157894736842104	what	0
130644:22	oh, g-, where *ich*-3 have i gone *t*-1 that *t*-2's anywhere.	0.45055555555555554	0.14	0.15166666666666667	0.25777777777777783	where	0
150361:9	and so what do you think, next to salary do you rank *t*-1, is the most important job benefits?	0.3042105263157895	0.21789473684210525	0.3768421052631579	0.10105263157894737	what	0
5953:28	why didn't you buy, why didn't you try something more mainline *t*-1.	0.12842105263157894	0.1889473684210526	0.6663157894736841	0.01631578947368421	why	0
12866:4	what's that real, oh, not real old, my wife she is old too, dancer *t*-1, uh,	0.0	0.0863157894736842	0.4189473684210526	0.4947368421052632	what	0
50461:20	and, and where are the engineers coming from *t*-1?	0.31590909090909086	0.03409090909090909	0.38818181818181813	0.26181818181818184	where	0
8565:4	where do you call to *t*-1?	0.21526315789473682	0.24947368421052632	0.3910526315789474	0.14421052631578948	where	0
29724:4	how were you decorating the baskets *t*-1?	0.12523809523809523	0.12190476190476189	0.709047619047619	0.043809523809523805	how	0
12409:32	and, and what, what do you do *t*-2 with the people that *t*-1 are over there in the mean time.	0.185	0.201	0.29799999999999993	0.316	what	0
58947:4	what do you think *t*-1 about it?	0.16	0.1676190476190476	0.33666666666666667	0.33571428571428574	what	0
114034:13	so, uh, what was the last car repair 0 you had *t*-1 *t*-2?	0.0	0.04045454545454546	0.7063636363636364	0.25318181818181823	what	0
98025:8	and, how does the story line go *t*-1?	0.016190476190476193	0.04809523809523811	0.8647619047619047	0.07095238095238095	how	0
163244:4	who *t*-1's paying for that?	0.06999999999999999	0.09238095238095238	0.7866666666666668	0.05095238095238098	who	0
163430:9	well, who *t*-1 wants *-2 to clean their junk before they throw it away.	0.13736842105263158	0.47368421052631576	0.07947368421052632	0.3094736842105263	who	0
150555:4	how's the weather out there in georgia *t*-1?	0.056315789473684215	0.034736842105263156	0.3005263157894737	0.608421052631579	how	0
119557:20	and, and what does it cost these people over there *t*-1, you know.	0.30809523809523814	0.11761904761904761	0.309047619047619	0.2652380952380952	what	0
132917:4	what do you have *t*-1 now?	0.05285714285714285	0.09523809523809523	0.8519047619047619	5.286776307738857e-18	what	0
123691:9	so, what are you planning *-1 to go into *t*-2?	0.10526315789473684	0.11157894736842106	0.6931578947368421	0.09	what	0
32994:9	well, what would you have *t*-1 at a dinner party?	0.36714285714285716	0.5366666666666665	0.09619047619047622	0.0	what	1
16417:9	well, how did you get a recipe for pudding on your own *t*-1?	0.05238095238095238	0.23619047619047623	0.709047619047619	0.002380952380952381	how	0
67013:20	how d-, how does that work, work out with, uh, * storing your bike and showering and all that *t*-1?	0.12047619047619049	0.17714285714285716	0.61	0.09238095238095238	how	0
153858:4	what do you do *t*-1, jeff?	0.04947368421052631	0.18736842105263157	0.7105263157894737	0.05263157894736843	what	0
46737:8	so, what's your next purchase supposed *-2 to be *t*-1?	0.07789473684210528	0.14315789473684212	0.7668421052631579	0.01210526315789475	what	0
75387:9	well, what do you think 0 *t*-1 can be done *-2 * to reduce that sort of crime?	0.3826315789473684	0.24631578947368418	0.3642105263157895	0.006842105263157906	what	1
21993:28	what degree, i mean, what are you wanting *-1 to do *t*-2 after you get out of college?	0.23777777777777778	0.1416666666666667	0.6205555555555555	1.850371707708594e-17	what	0
52408:4	what *t*-2's the one that *t*-1 just,	0.0	0.15473684210526314	0.7273684210526316	0.11789473684210527	what	0
148900:4	what are you going *-1 to do *t*-2?	0.09947368421052631	0.24	0.33473684210526317	0.3257894736842106	what	0
173207:4	when was the last time 0 you took out, took your truck out *t*-4 * just to, *-1 just to go *-2 driving *t*-3?	0.02611111111111111	0.3088888888888889	0.6361111111111111	0.02888888888888889	when	0
159296:9	well, how do you feel *t*-2 about * setting, like, well, for example, a car type accident where, uh, or some incident where someone loses a limb *t*-1.	0.10590909090909091	0.2640909090909091	0.3436363636363637	0.2863636363636364	how	0
43080:4	how did you get rid *-1 of them *t*-2?	0.05095238095238094	0.12428571428571428	0.822857142857143	0.0019047619047619102	how	0
106104:9	uh, what do you think *t*-1?	0.12888888888888891	0.23777777777777778	0.3255555555555556	0.30777777777777776	what	0
166704:70	well, you know, i. i mean, who, who who the heck *t*-1 is going *-2 to root for tampa bay, right?	0.23857142857142857	0.29047619047619044	0.22952380952380957	0.24142857142857144	who	0
143577:4	how did that compare with this area *t*-1 as far as house-, housing prices?	0.4547619047619048	0.11619047619047619	0.3628571428571429	0.0661904761904762	how	0
125913:4	what do you do *t*-1 when you're putting *t*-2?	0.4961904761904762	0.17666666666666667	0.32571428571428573	0.0014285714285714333	what	0
61222:4	how do they get along together *t*-1?	0.11047619047619046	0.19761904761904764	0.48190476190476195	0.21000000000000002	how	0
19603:4	what are we going *-2 to do *t*-1 with all the soldiers over there?	0.16263157894736843	0.22157894736842104	0.4152631578947369	0.2	what	0
133301:22	so do you, what *ich*-2 do you think 0 *t*-1 is good about the schools?	0.481	0.3005	0.1645	0.05400000000000001	what	0
173703:4	who *t*-1 knows.	0.08666666666666667	0.07285714285714286	0.08761904761904761	0.7528571428571429	who	0
124207:4	what did you think *t*-1 of the world series?	0.21857142857142856	0.19380952380952382	0.2909523809523809	0.2966666666666667	what	0
7652:23	how did you, how did they get you *t*-1?	0.056315789473684215	0.11157894736842104	0.5626315789473684	0.2694736842105263	how	0
174466:4	what do you do now *t*-1?	0.085	0.07090909090909091	0.6827272727272727	0.16136363636363635	what	0
44357:6	or why do they not, you know, stand up, * so to speak, for their rights *t*-1?	0.3466666666666666	0.2628571428571429	0.2909523809523809	0.09952380952380951	why	0
41891:35	how do yo-, wh-, what do you think *t*-1 about it.	0.4052631578947368	0.08736842105263158	0.28	0.22684210526315787	what	0
36029:5	what should they get *t*-2 in return, i wonder *t*-1.	0.30952380952380953	0.3719047619047619	0.29000000000000004	0.028571428571428574	what	1
102025:30	so but, uh, anyway, where do you like *-1 to eat *t*-2?	0.13105263157894737	0.5336842105263159	0.321578947368421	0.01368421052631579	where	0
54262:13	but, uh, what do you think *t*-3 about the mess that *t*-1's, 0 we've created *t*-2 in iraq?	0.2471428571428571	0.2114285714285714	0.33333333333333337	0.2080952380952381	what	0
27202:4	what can we do *t*-1 about it?	0.21210526315789474	0.45	0.19052631578947365	0.14736842105263157	what	1
133508:4	what are some of the other questions *t*-1.	0.27380952380952384	0.41571428571428576	0.0738095238095238	0.2366666666666667	what	0
135178:4	what do you like *-1 to do *t*-2?	0.3290909090909091	0.3909090909090909	0.27499999999999997	0.0050000000000000044	what	0
121515:4	how does that sound *t*-1?.	0.034736842105263156	0.1894736842105263	0.30842105263157893	0.4673684210526316	how	0
168089:7	now where does the source light go *t*-1?	0.15368421052631578	0.0636842105263158	0.7300000000000001	0.052631578947368446	where	0
100746:6	and what are, you know,	0.2816666666666667	0.045000000000000005	0.07888888888888888	0.5944444444444444	what	0
6180:9	well, what d-, do you think *t*-1 in terms of, uh, benefits?	0.36052631578947364	0.11368421052631579	0.16157894736842104	0.3636842105263158	what	0
121488:38	if you're having a dinner party, what, what would you serve *t*-1?	0.36947368421052634	0.2931578947368421	0.3373684210526316	5.843279076974526e-18	what	1
15049:9	well, how do you feel about it *t*-1?	0.12894736842105267	0.07210526315789474	0.5121052631578947	0.2868421052631579	how	0
93182:4	where are you from *t*-1 originally?	0.015000000000000001	0.013888888888888895	0.8894444444444444	0.08166666666666667	where	0
101809:5	what else *t*-1 has changed between the sixties and the eighties and the nineties?	0.4309523809523809	0.3885714285714285	0.07476190476190477	0.10571428571428572	what	0
116406:11	uh, and where you are *t*-1?	0.03428571428571429	0.0880952380952381	0.8104761904761905	0.06714285714285714	where	0
124747:21	well, how, how do you use your credit card *t*-1?	0.2785714285714286	0.18666666666666668	0.43952380952380954	0.09523809523809523	how	0
81430:4	why don't you tell me about yours *t*-1.	0.09	0.1957894736842105	0.09999999999999999	0.6136842105263158	why	0
56531:7	now how do they do the blackened *t*-1?	0.10142857142857142	0.013809523809523803	0.8738095238095239	0.010952380952380969	how	0
105343:14	and, uh, what else do i want *t*-1.	0.6176190476190476	0.13333333333333333	0.1742857142857143	0.07476190476190475	what	0
53429:4	what do you think *t*-1 about it?	0.1465	0.1795	0.242	0.43200000000000005	what	0
100637:9	uh, how can they concentrate on schooling *t*-1?	0.1242105263157895	0.18210526315789474	0.29578947368421055	0.3978947368421053	how	1
125687:6	and why don't you like the mustang *t*-1?	0.24105263157894738	0.24368421052631584	0.41000000000000003	0.10526315789473684	why	0
47849:23	now when you baby-sit *t*-1, what age group children do you sit with *t*-2?	0.23833333333333334	0.23888888888888893	0.5161111111111112	0.006666666666666666	what	0
42407:7	well what are we going *-1 to do *t*-2 about it?	0.18052631578947367	0.3021052631578948	0.41526315789473683	0.10210526315789474	what	0
37924:6	and what's it going *-1 to be like *t*-2 in another twelve years when my, uh, oldest son is in high school *t*-3.	0.2642105263157895	0.14842105263157893	0.1236842105263158	0.4636842105263157	what	0
167703:7	so what *t*-1 goes into that, that particular thing?	0.3838095238095238	0.029523809523809518	0.5342857142857143	0.05238095238095238	what	0
44490:4	where you from *t*-1?	0.02095238095238096	0.01	0.9433333333333335	0.025714285714285717	where	0
65644:4	what would you start *-1 cutting *t*-2 f-,	0.15904761904761905	0.2633333333333333	0.29190476190476194	0.2857142857142857	what	1
130374:4	what's your favorite color *t*-1?	0.017499999999999998	0.11850000000000001	0.6565	0.20750000000000002	what	0
24963:16	what, what do you advocate *t*-1,	0.11400000000000002	0.207	0.5065	0.172	what	0
94399:4	what do you think 0 *t*-1 is the biggest problem?	0.04909090909090908	0.04545454545454546	0.81	0.09545454545454546	what	0
38489:4	what do you like *-1 to read *t*-2?	0.271	0.5615	0.1405	0.027000000000000003	what	0
13239:4	what would you have these people do *t*-2 if they were brought in *-1?	0.39210526315789473	0.2142105263157895	0.2663157894736842	0.1273684210526316	what	1
153872:4	what do you do *t*-1?	0.1889473684210526	0.18	0.5178947368421053	0.1131578947368421	what	0
131435:7	because who *t*-1 says that they just must got *-2 to come over *-3 to see us all the time for the holidays.	0.24263157894736845	0.08210526315789474	0.17105263157894737	0.5036842105263158	who	1
113851:9	uh, where did you come from *t*-1?	0.01578947368421053	0.06947368421052633	0.9147368421052633	0.0	where	0
78657:7	well what do you believe in *t*-1,	0.24500000000000002	0.2725	0.1475	0.335	what	0
165282:4	why don't they just say, almost a mac for half the price *t*-1.	0.06842105263157895	0.23842105263157892	0.448421052631579	0.24473684210526317	why	0
26081:4	what are you saying *t*-1?	0.03842105263157896	0.028947368421052635	0.7368421052631579	0.1957894736842105	what	0
100717:4	what *t*-1's going *-2 to happen to them?	0.4763636363636363	0.13090909090909092	0.3404545454545454	0.05136363636363637	what	0
47711:6	but how do they afford *-1 to even have the kids *t*-2, uh,	0.19714285714285712	0.18714285714285714	0.4185714285714286	0.19714285714285712	how	0
39333:4	what do you use *t*-1 mumblex?	0.02157894736842106	0.07526315789473687	0.5836842105263158	0.3194736842105263	what	0
30862:9	but then what movie *t*-1 isn't *?* anymore.	0.058499999999999996	0.14650000000000002	0.131	0.6635	what	0
114369:25	and, uh, why, why do we let this happen *t*-1.	0.1268421052631579	0.21473684210526317	0.5042105263157894	0.1542105263157895	why	0
74128:20	what was, what was your name *t*-1 again?	0.06444444444444444	0.12055555555555555	0.758888888888889	0.05611111111111111	what	0
15722:4	where do you work *t*-1?	0.0045	0.025000000000000005	0.9205	0.05	where	0
153130:4	what did you think *t*-1 of the coverage of the war?	0.3142857142857143	0.21571428571428572	0.3414285714285714	0.1285714285714286	what	0
38516:4	what would you recommend *t*-1?	0.2580952380952381	0.4314285714285714	0.2252380952380952	0.08523809523809524	what	1
144268:4	how do people in texas deal with dallas, houston and san antonio *t*-1.	0.2285714285714286	0.40238095238095234	0.27380952380952384	0.09523809523809523	how	0
106648:6	and how do you hold to yours *t*-1?.	0.17190476190476192	0.18476190476190477	0.6109523809523809	0.032380952380952385	how	0
8143:4	what would you serve *t*-1, uh, if you were having a dinner party?	0.4555555555555556	0.35055555555555556	0.1377777777777778	0.055555555555555566	what	1
163193:9	well, how would you go about *-2 changing it *t*-1?	0.44238095238095243	0.3704761904761905	0.11380952380952382	0.07333333333333335	how	1
109254:9	well, where do you do that *t*-1,	0.07631578947368421	0.17052631578947366	0.7384210526315789	0.014210526315789474	where	0
124701:9	well, what would *t*-1 be your advice to a parent of a child thinking of * attending college?	0.175	0.406	0.2879999999999999	0.131	what	1
65645:4	what *t*-2 would be the first thing 0 you'd cut *t*-1?	0.05105263157894737	0.11789473684210525	0.8310526315789474	0.0	what	1
108546:25	but, what you serve *t*-1 or what would you,	0.16263157894736843	0.2889473684210526	0.38052631578947366	0.16789473684210526	what	1
43281:4	what should i do *t*-1?	0.27894736842105267	0.3842105263157895	0.19631578947368422	0.1405263157894737	what	1
73231:4	what *t*-1's wrong with you?	0.1668421052631579	0.07157894736842106	0.498421052631579	0.2631578947368421	what	0
149860:4	where do you go *t*-1?	0.0268421052631579	0.2005263157894737	0.7678947368421052	0.0047368421052631626	where	0
5433:12	i mean who would *t*-1 steal a newspaper?	0.10750000000000001	0.5970000000000001	0.136	0.1595	who	1
1965:4	what do you mean *t*-1 by world music?	0.13947368421052633	0.21736842105263157	0.46315789473684205	0.18000000000000002	what	0
111531:4	where do you go *t*-1 for steaks?	0.19095238095238093	0.37333333333333335	0.429047619047619	0.006666666666666667	where	0
85982:7	so where was your last vacation *t*-1?.	0.05818181818181818	0.06272727272727273	0.8286363636363635	0.050454545454545446	where	0
127384:16	what, what kind do you subscribe to *t*-1	0.40863636363636363	0.13090909090909092	0.39772727272727265	0.06272727272727273	what	0
49862:6	or what was the whole deal on that *t*-1?	0.20722222222222222	0.10666666666666667	0.5066666666666666	0.17944444444444443	what	0
167116:4	what do you think *t*-1?	0.19578947368421057	0.14157894736842108	0.3273684210526316	0.3352631578947369	what	0
8633:23	what are you, what are you studying *t*-1?	0.18	0.0725	0.7354999999999999	0.012	what	0
116016:31	and where are you from *t*-1, where are you calling from *t*-2?	0.03761904761904762	0.11523809523809524	0.7914285714285715	0.05571428571428571	where	0
83488:4	how did you put that many miles on it, in, four or five years *t*-1?	0.29399999999999993	0.0695	0.536	0.1	how	0
44353:19	well, i mean, how, can you contrast the europeans and their vocalism on their rights to, to say the people in latin america *t*-1.	0.1295238095238095	0.37238095238095237	0.3823809523809524	0.11571428571428573	how	1
82268:20	what do, what do you do *t*-1?	0.1038095238095238	0.14904761904761904	0.7028571428571428	0.04380952380952381	what	0
13819:16	what, what do you envision *t*-1 for the next twenty years as far as women in american society?	0.47904761904761906	0.2671428571428572	0.13285714285714287	0.12095238095238095	what	0
142646:4	what color did you paint your house *-2 *t*-1?	0.037	0.010500000000000006	0.842	0.1105	what	0
125723:26	well, what, uh, what things do you consider *t*-1 when you buy a car *t*-2?	0.7636363636363637	0.10318181818181818	0.12681818181818183	0.0063636363636363795	what	0
75101:36	where do you think 0 it's, where do you think 0 it's going *-1 to go *t*-2 in twenty years?	0.18052631578947367	0.24105263157894738	0.21842105263157893	0.36	where	0
163206:45	i'm going *-1 to have *-2 to leave those details like, what would you do *t*-3 about,	0.1322222222222222	0.23666666666666666	0.32222222222222224	0.30888888888888894	what	1
14041:20	and, and how do you rate the, uh,	0.03263157894736842	0.10789473684210525	0.3631578947368421	0.4963157894736842	how	0
58244:4	how on earth am i every going *-1 to do the math *t*-2?	0.07090909090909091	0.35500000000000004	0.35590909090909095	0.21818181818181823	how	0
128902:9	so, how is the weather *t*-1 out there?	0.004736842105263169	0.06052631578947368	0.47368421052631576	0.4610526315789474	how	0
18885:4	where do you live *t*-1?	0.021	0.10250000000000001	0.876	0.000499999999999995	where	0
167731:24	well, you know, uh, what do you do *t*-1 as far as,	0.24047619047619045	0.18285714285714288	0.31952380952380954	0.2571428571428572	what	0
173523:6	so what does that tell you *t*-1?	0.1868421052631579	0.11842105263157894	0.4605263157894737	0.23421052631578948	what	0
24078:27	well, the first thing, uh, what do you think 0 you would offer *t*-1 as far as, uh, information about * selecting a school?	0.42590909090909096	0.25545454545454543	0.21545454545454543	0.10318181818181818	what	1
129540:79	so if you have a, a dinner party and you're going *-1 to serve, uh, seafood for supper, what type of, uh, hors d'oeuvres would you serve *t*-2 prior to the meal?	0.4410526315789474	0.3389473684210526	0.15894736842105264	0.06105263157894738	what	1
90605:16	wh-, why do you think that it's less close than it used *-1 to be *?* *t*-2?	0.1335	0.17850000000000002	0.684	0.004	why	0
104508:4	where do you take your cans *t*-1?	0.008	0.173	0.8164999999999999	0.002500000000000005	where	0
78491:30	uh, what's the main, what's the main difference between republicans and democrats *t*-1?	0.14473684210526316	0.24578947368421053	0.5552631578947368	0.05421052631578947	what	0
58840:4	where are you calling from *t*-1 by the way,	0.06761904761904762	0.07571428571428572	0.8500000000000001	0.006666666666666672	where	0
39335:4	what do you serve *t*-1 with it?	0.20421052631578948	0.19105263157894736	0.48368421052631577	0.12105263157894736	what	0
12077:9	well, what do you think *t*-1 about like a device, a meter right on a tail pipe	0.12684210526315787	0.3068421052631579	0.24684210526315786	0.3194736842105263	what	0
157929:4	what did you major in *t*-1?	0.059473684210526324	0.005263157894736847	0.8710526315789474	0.06421052631578947	what	0
133370:4	who do you think 0 it should be done *-1 through *t*-2?.	0.1963157894736842	0.22789473684210526	0.3489473684210527	0.22684210526315793	who	1
116037:14	anyway, so, where's your favorite place 0 * to go *t*-1 *t*-2?	0.0	0.15999999999999998	0.8210526315789475	0.018947368421052643	where	0
17034:4	what's his name *t*-1 again?	5.286776307738857e-18	0.047619047619047616	0.8252380952380951	0.12714285714285714	what	0
115904:4	what school district do you work for *t*-1?	0.0	0.11210526315789474	0.7226315789473684	0.16526315789473686	what	0
37608:22	well, well when are the rangers going *-1 to come through th- *t*-2,	0.056666666666666664	0.056666666666666664	0.5285714285714287	0.35809523809523813	when	0
121518:24	well, well, when is the party here?.	0.021052631578947368	0.11947368421052632	0.8489473684210526	0.01	when	0
2153:4	what are you all trying *-1 to do *t*-2 long term.	0.3868181818181819	0.07772727272727271	0.49	0.045454545454545456	what	0
126108:4	what are dialing services *t*-1?	0.1523809523809524	0.289047619047619	0.46761904761904766	0.09095238095238097	what	0
46479:21	well, wh-, what *t*-1's the difference there,	0.189	0.19049999999999997	0.5145	0.10600000000000001	what	0
72066:35	what, how do you, what do you think *t*-1?	0.24499999999999997	0.27999999999999997	0.20950000000000002	0.2655	what	0
159364:6	or how does that work *t*-1?	0.06263157894736841	0.12315789473684209	0.7047368421052632	0.10947368421052632	how	0
115384:4	what was the other thing *t*-1?	0.04421052631578948	0.0736842105263158	0.7994736842105263	0.08263157894736842	what	0
122164:4	what have you seen *t*-1 recently?.	0.44849999999999995	0.22149999999999997	0.22199999999999998	0.10800000000000001	what	0
61671:4	what do you use yours at home for *t*-1?	0.4505263157894737	0.31684210526315787	0.13421052631578947	0.09842105263157895	what	0
107918:7	well how do you dress for work *t*-1?	0.225	0.16100000000000003	0.47800000000000004	0.13599999999999998	how	0
127707:20	what, now what night is that on *t*-1 now?	0.010000000000000005	0.0	0.62	0.37	what	0
131083:4	what changes do you feel 0 *t*-1 have happened?	0.649090909090909	0.10681818181818183	0.13681818181818184	0.10727272727272728	what	0
156080:9	so, how you like new jersey *t*-1?	0.20421052631578945	0.1794736842105263	0.16473684210526318	0.45105263157894737	how	0
82408:4	what's your husband do *t*-1?	0.0931578947368421	0.15263157894736842	0.7015789473684212	0.05263157894736842	what	0
30170:12	well, from where are you calling *t*-1?	0.0	0.05263157894736842	0.8657894736842104	0.08157894736842106	where	0
134609:4	what does that mean *t*-1, accidental tomatoes?	0.021363636363636366	0.19954545454545453	0.6318181818181818	0.14681818181818182	what	0
4270:11	so, and how do you feel about it *t*-1?.	0.11857142857142856	0.22380952380952376	0.47190476190476194	0.18571428571428572	how	0
145781:4	where are you calling from *t*-1	0.01631578947368421	0.025789473684210525	0.9552631578947368	0.0026315789473684314	where	0
131946:4	what do you use it for *t*-1?	0.22190476190476197	0.11571428571428573	0.5619047619047619	0.1004761904761905	what	0
115953:33	you know, how can you, how can you justify * raising anybody's salary if you, you know, if you have *-1 to lay people off *t*-2?	0.1538095238095238	0.319047619047619	0.3238095238095238	0.2033333333333333	how	1
75352:4	why is it happening *t*-1?	0.1466666666666667	0.2723809523809524	0.5738095238095239	0.007142857142857143	why	0
90897:14	you know, what's the trade off *t*-1 there,	0.20055555555555554	0.1988888888888889	0.5066666666666666	0.0938888888888889	what	0
148200:16	what, what magazines do you have *t*-1 at home?	0.5700000000000001	0.16157894736842104	0.1910526315789474	0.07736842105263157	what	0
108874:4	what did you say *t*-1?	0.07444444444444445	0.11722222222222219	0.7744444444444445	0.03333333333333334	what	0
79844:4	what do you do *t*-1?	0.4690909090909091	0.22772727272727275	0.30000000000000004	0.003181818181818177	what	0
14662:15	and if so, why has crime increased *t*-1?	0.5142857142857142	0.18285714285714288	0.2995238095238095	0.0033333333333333444	why	0
66379:12	well then, why * bother *t*-1.	0.139	0.25200000000000006	0.4109999999999999	0.198	why	0
69379:4	what are your suggestions in * making a family reunion successful *t*-1.	0.5331818181818181	0.29409090909090907	0.027727272727272732	0.14454545454545456	what	0
123667:4	what, uh, school are you going to *t*-1?	0.009047619047619053	0.06761904761904762	0.8119047619047619	0.11095238095238096	what	0
171763:51	and, it's like, okay, what *ich*-1 do we have *t*-3 left, what do we have *-2 to pay *t*-4, what have we paid *t*-5 this month. what *t*-6 hasn't come in yet, you know.	0.5189473684210526	0.07263157894736842	0.06894736842105263	0.33947368421052626	what	0
86016:6	so where have you been *t*-1?	0.5026315789473684	0.19052631578947365	0.2542105263157895	0.05263157894736842	where	0
98257:16	what, what do you think 0 *t*-1 can prevent crime?	0.39842105263157895	0.3121052631578947	0.23684210526315788	0.05263157894736845	what	1
67240:4	when do you get *-1 to begin with the winters and all that *t*-2?	0.06428571428571431	0.12714285714285714	0.7614285714285715	0.04714285714285714	when	0
14025:4	how do you usually keep up with current events *t*-1?	0.20454545454545456	0.26227272727272727	0.48772727272727273	0.045454545454545456	how	0
126562:5	what *ich*-2 have you seen *t*-3 recently that you enjoyed *t*-1?	0.3547368421052632	0.5052631578947369	0.08736842105263158	0.05263157894736842	what	0
69191:8	but, what do you do *t*-2 about, the occasional user that *t*-1 may have gone to a party three days before	0.15684210526315792	0.3642105263157895	0.3163157894736842	0.16263157894736843	what	1
147250:7	well why don't you start cause it said 0 i was suppose *-1 to ask you what do you,	0.08571428571428572	0.10904761904761905	0.27285714285714285	0.531904761904762	why	0
108522:6	so what do you use *t*-1 for cookbooks?	0.42684210526315797	0.3094736842105263	0.248421052631579	0.015263157894736845	what	0
164759:9	so, how do you keep up *t*-1?	0.19052631578947365	0.20526315789473687	0.34	0.26421052631578945	how	0
174199:33	so, uh, what are your, what are your thoughts on the subject *t*-1 there?	0.28700000000000003	0.289	0.19549999999999998	0.2285	what	0
154745:19	so, what what is the e p a recommending *t*-1 now?	0.209	0.14350000000000002	0.6439999999999999	0.003500000000000011	what	0
114684:16	w-, where do you work *t*-1?	0.0	0.009473684210526322	0.9742105263157895	0.01631578947368421	where	0
130541:4	what did you do *t*-1 on the farm?	0.4147368421052631	0.2263157894736842	0.31105263157894736	0.047368421052631594	what	0
8552:6	so how do you keep track of where you are *t*-1 in, in your monthly spending *t*-2?	0.19842105263157891	0.2431578947368421	0.5042105263157894	0.05421052631578949	how	0
115379:5	what else, did you,	0.3177777777777778	0.33055555555555555	0.16222222222222224	0.18944444444444444	what	0
119975:9	well, how's it going *t*-1?	0.01952380952380953	0.21095238095238095	0.4271428571428571	0.34238095238095234	how	0
12747:5	what els-,.	0.14428571428571427	0.2	0.15809523809523812	0.49761904761904757	what	0
51235:4	why * get rid *-1 of him now *t*-2?	0.05333333333333333	0.32555555555555554	0.365	0.2561111111111111	why	0
37900:4	what *t*-1's going *-2 to happen?	0.3042105263157895	0.1794736842105263	0.2631578947368421	0.25315789473684214	what	0
108649:4	what would i put *t*-1 together for a formal dinner.	0.3719047619047619	0.4080952380952381	0.1714285714285714	0.04809523809523811	what	1
176169:4	why * not replace it *t*-1.	0.08421052631578947	0.301578947368421	0.43052631578947365	0.1836842105263158	why	0
60533:18	but, you know, what can one do *t*-1.	0.15684210526315792	0.14526315789473684	0.05736842105263158	0.6405263157894737	what	1
63241:4	how should they do it *t*-1?	0.10954545454545456	0.3622727272727273	0.51	0.018181818181818184	how	1
68591:4	what club do you follow *t*-1?	0.07315789473684212	0.1363157894736842	0.6852631578947368	0.10526315789473684	what	0
54662:4	who's your favorite actress or actor *t*-1?	0.001	0.08149999999999999	0.9175000000000001	0.0	who	0
169955:188	but if you had, if you had, uh, parents say or, or, or th-, grandparents, whatever it is *t*-1, uh, who *t*-2 were ready, who, who you thought 0 *t*-3 might benefit from a nursing home, what do you think 0 you would look for *t*-4?	0.38047619047619047	0.24	0.2752380952380952	0.10428571428571429	what	1
55119:6	so who's *t*-1 going *-2 to beat them?	0.2210526315789474	0.06789473684210527	0.4663157894736842	0.24473684210526317	who	0
41118:8	or, how did you do it *t*-1?	0.2288888888888889	0.14333333333333334	0.61	0.017777777777777785	how	0
152605:9	well, how do you feel *t*-1 about trial by jury?	0.1123809523809524	0.1161904761904762	0.5471428571428572	0.22428571428571428	how	0
138076:7	then how does he like it *t*-1?	0.13789473684210524	0.1573684210526316	0.3257894736842105	0.37894736842105264	how	0
164881:9	uh, how do you find that the, the coverage from other places in the world, uh, compares with the american coverage of,	0.198	0.3395	0.29500000000000004	0.16750000000000004	how	0
166006:4	what is your, uh, community, uh, currently doing *t*-1 with regard to recycling?	0.3694736842105263	0.2694736842105263	0.3236842105263158	0.03684210526315789	what	0
164748:9	oh, when did it happen *t*-1?	0.019444444444444448	0.008888888888888889	0.9305555555555556	0.041111111111111105	when	0
152968:4	how do you keep up with current events *t*-1?	0.45952380952380956	0.18666666666666668	0.33238095238095233	0.02142857142857143	how	0
160687:72	i mean what do you, what, what do you find *t*-1 interesting versus what do you find *t*-2 boring?	0.17105263157894737	0.46736842105263154	0.13999999999999999	0.22157894736842104	what	0
106474:25	uh, what i-, what is your practice *t*-1 as far as budgeting?	0.23285714285714285	0.1361904761904762	0.359047619047619	0.27142857142857146	what	0
127123:4	what do you think 0 *t*-1 has caused our horrible situation?	0.31578947368421045	0.1894736842105263	0.4926315789473683	0.0021052631578947264	what	0
128346:16	what, what's the criteria for * picking a college *t*-1?	0.6595	0.10649999999999997	0.14400000000000002	0.09	what	0
80840:4	how do you feel about it *t*-1?	0.07833333333333334	0.13777777777777778	0.5855555555555556	0.19777777777777777	how	0
14266:4	who do you think *t*-1?	0.10368421052631578	0.04578947368421053	0.5110526315789473	0.33947368421052626	who	0
76352:4	what could they possibly be thinking *t*-1.	0.3121052631578947	0.1163157894736842	0.24421052631578946	0.32736842105263153	what	1
110969:8	but, who *t*-1 knows what he's going *-2 to bring *t*-3 home.	0.05263157894736842	0.1031578947368421	0.39789473684210525	0.4463157894736842	who	0
76582:9	um, what did you all do *t*-1?	0.6871428571428572	0.043333333333333335	0.22714285714285717	0.04238095238095237	what	0
50678:4	what do you think *t*-1 about the, uh, peace corps or public service commitment?	0.22428571428571428	0.17857142857142858	0.28380952380952384	0.31333333333333335	what	0
67756:27	what's the, unrequir-, what's the word 0 i'm looking for *t*-1 *t*-2, uh,	0.04894736842105263	0.041578947368421056	0.6852631578947368	0.22421052631578947	what	0
174752:4	what do you do *t*-1 georgeanne?	0.030952380952380953	0.2061904761904762	0.5061904761904762	0.2566666666666667	what	0
149947:9	mumblex, how do you feel about crime in the city *t*-1?	0.15578947368421056	0.11526315789473685	0.40789473684210525	0.32052631578947366	how	0
149167:18	um, so, um, what were you doing *t*-2 when you were using an apple two e *t*-1?	0.11526315789473685	0.17263157894736844	0.5989473684210527	0.1131578947368421	what	0
167746:18	or or how do you work that *t*-1?	0.12473684210526316	0.17578947368421052	0.6578947368421053	0.04157894736842106	how	0
108104:12	well, so what is your favorite t v show *t*-1?	0.03333333333333334	0.03	0.9138095238095238	0.02285714285714286	what	0
23758:37	what do you, what other, what dishes do you serve *t*-1 with it?	0.5036363636363637	0.3086363636363636	0.13136363636363638	0.05636363636363639	what	0
166855:4	how do you know that *t*-1?	0.048	0.12350000000000001	0.621	0.20750000000000002	how	0
44211:31	well, then how can you, how can you say as far as like in, uh, europe, as far as the, the toppling of those kinds of governments, you know, like,	0.10571428571428572	0.15857142857142859	0.130952380952381	0.6047619047619048	how	1
107234:9	um, how do you like it *t*-1?	0.08714285714285715	0.08190476190476191	0.5423809523809524	0.2885714285714286	how	0
43500:14	you know, what's the significance of the apes *t*-1, you know.	0.1394736842105263	0.1668421052631579	0.36684210526315786	0.3268421052631579	what	0
159620:9	well, what were you saying *t*-1?	0.13454545454545455	0.17954545454545454	0.5954545454545455	0.09045454545454545	what	0
114602:4	what kind do you have *t*-1?	0.1015	0.091	0.5974999999999999	0.20950000000000002	what	0
148655:4	where do you work at *t*-1?	0.01904761904761905	0.019523809523809527	0.949047619047619	0.011904761904761899	where	0
70085:4	what area do you live in *t*-1?	0.00736842105263158	0.07210526315789474	0.7963157894736842	0.1242105263157895	what	0
76625:25	well, how did, how did you get, uh, hooked up with the t i switchboard thing *t*-2?	0.13333333333333333	0.01722222222222223	0.825	0.02444444444444445	how	0
174836:27	what *t*-1 is it, what *t*-2's the policy *ich*-3 now with treason?	0.054761904761904755	0.06714285714285714	0.7738095238095238	0.10428571428571429	what	0
121942:7	now what can you do *t*-1 *-2 to stop that?	0.37857142857142856	0.37238095238095237	0.22714285714285712	0.021904761904761906	what	1
116337:4	what are you studying *t*-1?	0.1695	0.038	0.7735000000000001	0.019	what	0
66452:4	what *t*-1 was the results there.	0.13105263157894737	0.035263157894736843	0.78	0.05368421052631578	what	0
122174:4	what did you think *t*-1 of that one?	0.10263157894736841	0.2757894736842106	0.3957894736842105	0.22578947368421054	what	0
7929:9	so, what do you do *t*-1?	0.13473684210526318	0.10263157894736843	0.7031578947368421	0.05947368421052631	what	0
91104:4	what books have you read *t*-1 lately?.	0.6309523809523809	0.16809523809523808	0.07619047619047618	0.12476190476190474	what	0
44160:45	or, you know, why, why, why * intervene in another country's, you know, problems *t*-1 and things like that.	0.09777777777777778	0.30000000000000004	0.2872222222222222	0.315	why	0
129851:13	and, yet, what am i going *-1 to do *t*-4 when i have a couple double a batteries 0 * to toss *t*-2 out *t*-3.	0.09526315789473686	0.27210526315789474	0.4978947368421052	0.13473684210526315	what	0
120441:16	wh-, where do you go *-1 camping at *t*-2 around here?	0.24105263157894738	0.23526315789473684	0.521578947368421	0.002105263157894742	where	0
20333:4	where do you, do you come from *t*-1 originally	0.023000000000000003	0.027000000000000003	0.933	0.017	where	0
42451:7	well what do you think *t*-1?	0.20857142857142857	0.27714285714285714	0.33238095238095233	0.18190476190476193	what	0
166857:16	who, how do you know that *t*-1?	0.09649999999999999	0.052000000000000005	0.4505	0.40099999999999997	how	0
137688:4	who is the competition going *-1 to be *t*-2?	0.29700000000000004	0.148	0.44299999999999995	0.11200000000000002	who	0
55120:4	who are they going *-1 to blow it to *t*-2?	0.14263157894736841	0.1573684210526316	0.3473684210526316	0.3526315789473684	who	0
124552:6	and what did you graduate in *t*-1?	0.016499999999999994	0.154	0.779	0.0505	what	0
14651:13	so, uh, what do you think, that, uh,	0.08222222222222222	0.1811111111111111	0.16333333333333333	0.5733333333333334	what	0
133854:4	how'd that go *t*-1?	0.14789473684210527	0.06368421052631579	0.40421052631578946	0.3842105263157895	how	0
98545:9	and so how do you relate as to whether this particular armed robbery was a, you know, worth five years or twenty-five *t*-1.	0.06799999999999999	0.21200000000000002	0.596	0.124	how	0
26224:4	what do you mean *t*-1, where?	0.028000000000000004	0.2355	0.4175	0.319	what	0
124764:16	how, how do you use it *t*-1?.	0.1363157894736842	0.17052631578947366	0.5742105263157895	0.11894736842105265	how	0
146887:7	so how do you just figure mumblex *t*-1,	0.0994736842105263	0.09578947368421052	0.23052631578947372	0.5742105263157895	how	0
26185:5	what else can we talk about *t*-1?	0.05500000000000001	0.771	0.0215	0.1525	what	1
70343:5	what else do you do *t*-1 to your house?	0.4568421052631579	0.3447368421052632	0.09105263157894737	0.10736842105263159	what	0
173017:14	i mean, what do you drive *t*-1 now?	0.0	0.011428571428571429	0.8933333333333334	0.09523809523809523	what	0
176563:28	now why didn't he, why didn't she keep him home with her *t*-1?	0.1285	0.0875	0.7335	0.0505	why	0
24955:16	who, who *t*-1's supposed *-2 to make the change,	0.06315789473684212	0.2310526315789474	0.5478947368421052	0.15789473684210525	who	0
22449:4	what'd you do *t*-1 with them?	0.251	0.12449999999999999	0.533	0.0915	what	1
79923:23	so what was, what was the other question *t*-1,	0.017	0.138	0.742	0.1025	what	0
97122:7	so what were you saying *t*-1?	0.12954545454545455	0.09090909090909093	0.7427272727272727	0.03681818181818182	what	0
161919:4	how do you like it down there in texas *t*-1?	0.262	0.131	0.07649999999999998	0.5305	how	0
9885:4	how do you feel about that *t*-1.	0.14238095238095236	0.1938095238095238	0.5138095238095237	0.15	how	0
33641:4	how'd you do that *t*-1?	0.06526315789473684	0.03	0.671578947368421	0.2331578947368421	how	1
394:4	what did you wear *t*-1 to work today?	0.21950000000000003	0.11850000000000001	0.5579999999999999	0.10400000000000001	what	0
155438:9	so, what do you and your husband do *t*-1?	0.12947368421052632	0.24157894736842103	0.6147368421052631	0.01421052631578948	what	0
123216:4	what do you think *t*-1 about, uh, houston?	0.10238095238095238	0.36380952380952386	0.29238095238095235	0.24142857142857144	what	0
23378:4	who *t*-1 does.	0.01849999999999999	0.3125	0.185	0.484	who	0
130090:16	where, where are you calling from *t*-1?	0.004761904761904762	0.021428571428571432	0.9457142857142857	0.0280952380952381	where	0
10409:4	what did he shoot him with *t*-1.	-1.0092936587501408e-17	0.05636363636363637	0.9431818181818182	1.0092936587501408e-17	what	0
86088:50	at wha-, at, * excuse me, at what age did you,	0.06714285714285714	0.08904761904761907	0.4095238095238094	0.4342857142857143	what	0
19768:4	where's some reference to this goddamn state of texas and the role that they played *t*-1 either leading up to *rnr*-2 or in *rnr*-2 the civil war *t*-3.	0.0	0.24947368421052632	0.15	0.6005263157894737	where	0
160687:44	i mean what do you, what, what do you find *t*-1 interesting versus what do you find *t*-2 boring?	0.3638095238095238	0.38333333333333336	0.2509523809523809	0.0019047619047618998	what	0
96976:42	if you do not have the time *-1 to talk to yourself, who are you going *-2 to talk to *t*-3.	0.3778947368421052	0.22947368421052633	0.008421052631578947	0.3842105263157895	who	0
95238:4	what do you think *t*-1 about it?	0.27142857142857146	0.3304761904761905	0.29285714285714287	0.10523809523809524	what	0
162379:6	and how do you feel *t*-1 about them?	0.24052631578947364	0.10052631578947369	0.4947368421052632	0.16421052631578947	how	0
5652:4	where you at *t*-1?	0.0	0.07999999999999999	0.92	5.286776307738857e-18	where	0
117867:4	how does,	0.05045454545454546	0.14818181818181816	0.038181818181818185	0.7631818181818182	how	0
155384:4	what do you do *t*-1 with your budget?	0.36619047619047623	0.16714285714285712	0.4033333333333334	0.06333333333333334	what	0
29719:4	how did you know *-1 to choose this subject, tonight *t*-2.	0.10952380952380951	0.08333333333333333	0.6780952380952381	0.12904761904761905	how	0
11550:4	where did you cry *t*-1.	0.18666666666666668	0.023333333333333334	0.7652380952380953	0.024761904761904763	where	0
7924:9	oh, what's he teach *t*-1?	0.044210526315789464	0.11789473684210527	0.8378947368421052	0.0	what	0
6696:53	what would you have, who, who, who would *t*-2 determine what these people do *t*-1.	0.10227272727272728	0.13	0.504090909090909	0.2631818181818182	who	1
140071:4	what would you get *t*-1?	0.11526315789473682	0.3	0.5673684210526316	0.017368421052631578	what	1
105249:5	what more could you ask for *t*-1?	0.09055555555555556	0.31055555555555553	0.13833333333333334	0.4605555555555555	what	1
168574:4	what's he going *-1 to be doing *t*-2 when he turns into an adult *t*-3.	0.24388888888888888	0.33944444444444444	0.17	0.24666666666666665	what	0
26006:4	what do you mean *t*-1	0.07714285714285714	0.035238095238095256	0.6480952380952382	0.23952380952380953	what	0
167859:4	what d-,	0.027894736842105264	0.01473684210526316	0.049473684210526316	0.9078947368421053	what	0
59437:6	so why hav-,	0.089	0.1285	0.4734999999999999	0.309	why	0
155621:4	what do you mean *t*-1?	0.033500000000000016	0.1125	0.6084999999999999	0.2455	what	0
118515:25	and, uh, and how we going *-1 to bring that back together *t*-2.	0.08863636363636364	0.31272727272727274	0.5031818181818182	0.09545454545454544	how	0
156287:12	jimmy, so how do you get most of your news *t*-1?	0.20842105263157895	0.16	0.45105263157894737	0.1805263157894737	how	0
173801:4	what is it *t*-1 that you are, you know, particularly upset about *t*-2?	0.07952380952380952	0.22999999999999995	0.6785714285714286	0.011904761904761915	what	0
136067:4	what are your favorite shows *t*-1?	0.5557894736842105	0.14526315789473684	0.11105263157894736	0.18789473684210528	what	0
113977:9	well, what do you think about *t*-1,	0.31277777777777777	0.16444444444444445	0.09555555555555556	0.42722222222222217	what	0
93786:5	what else did i serve *t*-1 with that.	0.3515	0.26	0.3865	0.002	what	0
2084:4	what do you all do *t*-1?	0.4678947368421052	0.1505263157894737	0.19684210526315787	0.18473684210526314	what	0
118372:13	but, then, what do i know *t*-1,	0.07222222222222223	0.18000000000000002	0.03333333333333333	0.7144444444444444	what	0
100578:17	you know like, what are their plans after high school *t*-1, you know.	0.361578947368421	0.18947368421052632	0.20631578947368423	0.24263157894736845	what	0
64760:9	jay, where do you live in texas *t*-1?	0.008571428571428561	0.016666666666666666	0.9661904761904762	0.008571428571428572	where	0
101503:16	what, what does it have *t*-1 in it?	0.86	0.02947368421052632	0.09421052631578947	0.01631578947368421	what	0
71500:4	what school you going to *t*-1?	0.018571428571428582	0.015714285714285695	0.8138095238095238	0.1519047619047619	what	0
24957:4	where's the money supposed *-1 to come from *t*-2.	0.23894736842105263	0.18842105263157896	0.3894736842105263	0.1831578947368421	where	0
136984:4	what vacation have you enjoyed *t*-1 the most?	0.061111111111111144	0.05055555555555556	0.741111111111111	0.14666666666666664	what	0
13191:16	when, when would people do it *t*-1,	0.06095238095238095	0.6147619047619047	0.16333333333333333	0.16095238095238096	when	1
118998:7	and what else do i do *t*-1,	0.11789473684210527	0.4015789473684211	0.13	0.3505263157894737	what	0
169952:46	you know, what, what, uh, what do you think 0 *t*-1 is important?	0.3326315789473684	0.24157894736842103	0.26526315789473687	0.16052631578947368	what	0
116399:4	where do you live *t*-1?	0.002272727272727273	0.09454545454545454	0.8490909090909091	0.053636363636363635	where	0
63953:6	so what do you think *t*-1 of the texas weather?	0.24095238095238097	0.34095238095238095	0.21666666666666665	0.20142857142857146	what	0
76222:13	and, gosh, what *t*-1's going *-2 to happen when these kids start *-4 coming into the school system *t*-3.	0.24952380952380948	0.28095238095238095	0.21428571428571427	0.25523809523809526	what	0
107243:9	oh, what kind do you have *t*-1?.	0.3814285714285715	0.21619047619047618	0.25952380952380955	0.14285714285714285	what	0
111527:4	where do you go *t*-3 if you like *-1 to have a nice meal *ich*-2 out, or a big meal?	0.06473684210526316	0.44578947368421057	0.4868421052631579	0.002631578947368421	where	0
43050:4	what have you done *t*-1?.	0.5442857142857143	0.16476190476190475	0.20142857142857146	0.08952380952380952	what	0
169805:6	so what do you think *t*-1 about that?	0.2690476190476191	0.22476190476190475	0.22	0.28619047619047616	what	0
153156:30	if they were going *-1 to show that why didn't they show the guys who you know *t*-2 got really hurt *-3 and everything *t*-4.	0.1657142857142857	0.1742857142857143	0.5599999999999999	0.1	why	0
129435:6	but what is it worth *t*-1?	0.07238095238095238	0.10047619047619047	0.5857142857142857	0.24142857142857144	what	0
159602:4	how's he handling that *t*-1?	0.16	0.23105263157894734	0.28210526315789475	0.3268421052631579	how	0
171262:4	when is this good or not good *t*-1.	0.10666666666666666	0.28952380952380946	0.36142857142857143	0.24238095238095236	when	0
73571:4	what, uh, department do you work in *t*-1?	0.017222222222222222	0.06277777777777777	0.7855555555555556	0.13444444444444445	what	0
5622:4	how do you like it out there *t*-1?	0.17526315789473684	0.2326315789473684	0.21999999999999997	0.371578947368421	how	0
91515:14	now, translations, what do you mean *t*-1,	0.13210526315789473	0.07157894736842108	0.5284210526315789	0.26789473684210524	what	0
92173:4	what did you wind up with *t*-1?.	0.15714285714285714	0.11904761904761907	0.6809523809523811	0.042857142857142864	what	0
36847:23	what do you, what do you do *t*-1 when you get a, i mean, like a really violent storm like a tornado *t*-2,	0.3205	0.17750000000000002	0.3435	0.1585	what	0
129227:9	uh, how do i feel about it *t*-1?	0.05227272727272727	0.11499999999999999	0.5409090909090909	0.2913636363636364	how	0
175133:4	what do you think 0 *t*-1's wrong * to cause that?	0.2872222222222222	0.1461111111111111	0.49833333333333335	0.06833333333333333	what	0
66877:9	now, why couldn't your wife run around the golf course *t*-1?	0.08555555555555555	0.12166666666666666	0.6788888888888889	0.1138888888888889	why	1
150504:4	what do you do *t*-1 there?	0.2652631578947368	0.09947368421052633	0.53	0.10526315789473684	what	0
158360:7	so what's the prevailing thought *t*-1 within the community?	0.11904761904761904	0.03619047619047619	0.8123809523809523	0.03238095238095238	what	0
136886:5	what vacations *ich*-2 have you been on *t*-3 that you like *t*-1?	0.4794444444444444	0.3405555555555556	0.11833333333333335	0.061666666666666675	what	0
4134:4	how did you hear,	0.0095	0.1495	0.764	0.077	how	0
138064:9	uh, why did you choose a private school *t*-1?	0.369	0.20550000000000002	0.4245	0.001	why	0
36190:4	what *t*-1's more important,	0.06285714285714286	0.15	0.5395238095238095	0.24761904761904763	what	0
46586:4	what do they get paid *t*-1.	0.005263157894736848	0.04315789473684211	0.4610526315789474	0.49000000000000005	what	0
171306:4	why don't you go ahead and start *t*-1.	0.08285714285714285	0.0757142857142857	0.1819047619047619	0.6595238095238095	why	0
171763:102	and, it's like, okay, what *ich*-1 do we have *t*-3 left, what do we have *-2 to pay *t*-4, what have we paid *t*-5 this month. what *t*-6 hasn't come in yet, you know.	0.6547368421052632	0.15157894736842106	0.12315789473684209	0.07052631578947369	what	0
26240:6	so what are you getting your degree in *t*-1?	0.045	0.08863636363636364	0.8177272727272729	0.04818181818181817	what	0
87792:6	so what movies have you seen *t*-1 lately?	0.4665	0.281	0.06400000000000002	0.1885	what	0
123253:16	who, who did they play *t*-1?	0.18263157894736842	0.09631578947368422	0.39	0.3310526315789474	who	0
11565:5	what else did it.	0.40166666666666667	0.21055555555555555	0.2661111111111111	0.12166666666666666	what	0
12161:4	what do you like *-1 to cook *t*-2?	0.38055555555555554	0.42166666666666663	0.1288888888888889	0.06888888888888889	what	0
100290:9	um, what do you think *t*-1 about the proposal that all young americans should spend a year or two,	0.09263157894736841	0.16421052631578945	0.45473684210526316	0.28789473684210526	what	1
83164:18	but, uh, uh, how do you feel about the, uh, about the jury system itself *t*-1?	0.1975	0.12300000000000003	0.4955	0.184	how	0
23104:7	so what do you think *t*-1 about it?	0.07681818181818181	0.08318181818181819	0.5581818181818181	0.2818181818181818	what	0
117208:4	who *t*-1 knows, you know.	0.11894736842105262	0.08315789473684211	0.07052631578947367	0.726842105263158	who	0
8637:6	and what do you think 0 you'll do *t*-1 with that?	0.15619047619047619	0.34714285714285714	0.4195238095238095	0.07714285714285715	what	1
23105:4	how are we doing in recycling *t*-1?	0.21999999999999997	0.03052631578947369	0.2563157894736842	0.4931578947368422	how	0
20121:21	well, how, how do you feel *t*-1 about the immigration laws?	0.1738095238095238	0.1595238095238095	0.5033333333333333	0.16333333333333333	how	0
6644:24	well, if they went awol, what are you going *-1 to do *t*-2.	0.09047619047619047	0.3480952380952381	0.32047619047619047	0.24095238095238097	what	0
105329:4	why don't you go ahead first and tell what kind of car you'd look for *t*-1 in your next *t*-2.	0.2795238095238095	0.1223809523809524	0.07523809523809524	0.5228571428571429	why	1
143729:4	how do you use them *t*-1?	0.36190476190476184	0.3323809523809524	0.2561904761904762	0.04952380952380951	how	0
61044:253	if we, if we keep *-1 putting that stuff into the air and, and, you know, if we keep *-2 creating the problem and not doing anything about it that it's really going *-3 to be a problem for, um, just the, the earth, you know, what the earth is receiving *t*-4 back, you know, because how can you tell where it's going *-5 to come down at *t*-6 *t*-7.	0.1636842105263158	0.28	0.22578947368421054	0.3305263157894737	how	1
89007:4	what are some others that you have seen *t*-1 lately *t*-2?	0.3157894736842105	0.48631578947368415	0.02684210526315789	0.1705263157894737	what	0
5558:4	what time is it *t*-1 over th-,	0.006	0.0365	0.5745	0.383	what	0
42408:24	how, i mean how can it be changed *-1 *t*-2. unless the legislature will do something	0.15157894736842104	0.4368421052631579	0.19	0.22157894736842104	how	1
24572:42	how'd, how did they, how do they pick their people *t*-1?	0.21526315789473682	0.1426315789473684	0.641578947368421	0.0	how	0
4094:16	what, what do you do *t*-1?	0.1135	0.1355	0.5755000000000001	0.1755	what	0
76479:9	now, what do you mostly do *t*-1?	0.31894736842105265	0.19210526315789472	0.4636842105263157	0.02526315789473684	what	0
46742:30	if you had a choice of your car, what would you get *t*-1?	0.09727272727272726	0.13045454545454546	0.7527272727272727	0.01954545454545453	what	1
149467:6	and what kind do you have *t*-1?	0.709047619047619	0.11476190476190475	0.12380952380952381	0.052380952380952396	what	0
31235:14	you know, what has, you know, has, has the educational system been watered *-3 down to *t*-1 that anybody who *t*-2's above average is now gifted?	0.085	0.16363636363636364	0.2159090909090909	0.5354545454545455	what	0
136497:4	what do you use *t*-1 *-2 to keep from *-3 sliding off that rascal?	0.1383333333333333	0.14388888888888887	0.6827777777777777	0.03500000000000002	what	0
120041:4	where'd you get the car *t*-1?	0.0	0.003	0.9925	0.0045000000000000005	where	1
142695:4	what do you call those things *t*-1?	0.20105263157894737	0.12473684210526316	0.5736842105263157	0.1005263157894737	what	0
13703:4	what do you mean *t*-1?	0.08526315789473685	0.11894736842105262	0.5552631578947369	0.2405263157894737	what	0
114350:9	uh, what do you think *t*-1?	0.16590909090909092	0.2945454545454545	0.21	0.32954545454545453	what	0
71526:4	what did i do *t*-1 to myself	0.11789473684210527	0.16736842105263156	0.2715789473684211	0.4431578947368421	what	0
78624:40	so what do you think *t*-1 about, uh, what do you think *t*-2 about what you see *t*-3 on t v about them, like in the news or on the ads,	0.28578947368421054	0.24789473684210525	0.25052631578947365	0.21578947368421056	what	0
174767:4	what do you do *t*-1?	0.03250000000000001	0.0835	0.8130000000000001	0.071	what	0
105853:26	so where are your, what are the places, you know, memorable places 0 you've eaten *t*-1 *t*-2?	0.5931578947368421	0.10736842105263159	0.16052631578947368	0.13894736842105262	what	0
83886:6	and what does the foliage look like *t*-1?	0.12388888888888888	0.10833333333333334	0.55	0.21777777777777776	what	0
60430:4	who *t*-1 knows.	0.05285714285714286	0.10809523809523809	0.05857142857142858	0.7804761904761905	who	0
48467:4	what kind do you have *t*-1?	0.038181818181818185	0.04227272727272728	0.890909090909091	0.028636363636363647	what	0
173944:4	what was the age difference *ich*-2 *t*-1 between the youngest and the oldest?	0.10263157894736843	0.1394736842105263	0.6	0.15789473684210525	what	0
67508:7	like who *t*-1 knows, you know.	0.077	0.091	0.0655	0.7665	who	0
12197:4	what do you like to, *-1 to cook *t*-2?	0.3780952380952381	0.4690476190476191	0.1338095238095238	0.01904761904761906	what	0
22312:4	what do they do *t*-1 then.	0.33	0.24166666666666664	0.28944444444444445	0.1388888888888889	what	0
28071:4	what will you,	0.028947368421052628	0.1636842105263158	0.48157894736842105	0.3257894736842105	what	1
152366:16	how, how does, uh, university of new hampshire handle it *t*-1?	0.11950000000000001	0.11299999999999999	0.765	0.0025	how	0
44743:160	well, the, see the problem is 0 if, if the, if someone would have came up to me and said it's going *-1 to cost you five hundred dollars *-2 to keep your dog alive. what do you want *-1 to do *t*-2? i probably would have had second thoughts.	0.06947368421052633	0.14578947368421052	0.3331578947368421	0.45157894736842097	what	0
140833:28	so how'd you all, how do you,	0.1538888888888889	0.1127777777777778	0.3038888888888889	0.42944444444444446	how	0
77235:4	what *t*-1 are some of the things that you did *t*-2 with your children when they were growing up *t*-3?	0.41333333333333333	0.4480952380952381	0.0819047619047619	0.056666666666666664	what	0
111690:4	who *t*-1 knows	0.1519047619047619	0.0519047619047619	0.016190476190476193	0.7800000000000001	who	0
22310:6	and what do those kids do *t*-1,	0.24368421052631578	0.25894736842105265	0.3631578947368421	0.13421052631578947	what	0
142589:4	how do you get the edge *t*-1?	0.026000000000000002	0.314	0.5595	0.10049999999999999	how	0
18367:4	how do you put trees in there *t*-1?	0.1605263157894737	0.3210526315789474	0.5184210526315789	0.0	how	0
26133:4	what is that thing 0 i saw *t*-1 *t*-2,	0.007727272727272728	0.045454545454545456	0.9463636363636362	0.0	what	0
36065:33	i mean, what are we, what are we becoming *t*-1?	0.18263157894736842	0.1594736842105263	0.16210526315789472	0.4957894736842105	what	0
128741:4	what do you feel 0 *t*-1 are some of the main problems?	0.3685714285714286	0.31952380952380954	0.17238095238095238	0.13952380952380952	what	0
60826:4	what's it called *-2 *t*-1 when you do flour *t*-3,	0.021578947368421055	0.05736842105263158	0.7142105263157895	0.2068421052631579	what	0
167580:4	what do you usually do *t*-1 as far as budgeting?	0.41	0.0890909090909091	0.35909090909090907	0.14181818181818182	what	0
58200:24	well, uh, what what do you think *t*-1 about the metric system?	0.23105263157894734	0.13473684210526318	0.3242105263157895	0.31000000000000005	what	0
73381:35	so, um, how do * think, how do you think 0 we've changed in the last ten to twenty years *t*-1?	0.4714285714285714	0.23380952380952383	0.15190476190476193	0.14285714285714285	how	0
4787:18	and, you know, who *t*-1's *-2 to put the limit on it?	0.18619047619047618	0.15476190476190477	0.3576190476190476	0.30142857142857143	who	0
34507:10	oh gosh what was the last comedy 0 we saw *t*-1 *t*-2?	0.022857142857142857	0.1271428571428571	0.8423809523809525	0.007619047619047619	what	0
68569:4	where do you go *t*-1?	0.39315789473684215	0.18421052631578946	0.4226315789473684	5.843279076974526e-18	where	0
96176:26	well, uh, ho-, how do you view this whole subject *t*-1?	0.17863636363636362	0.2513636363636364	0.4018181818181818	0.16818181818181818	how	0
67832:9	uh, why should we let them set in prison and work on their college degrees after they've mowed down a class yard full of kids or t-, or tried *-1 to *?*, or done their very, you know, given their best effort at *-1 doing that *t*-2.	0.17619047619047618	0.24047619047619045	0.33952380952380956	0.24380952380952386	why	1
68547:4	where all you guys go *t*-1?	0.41500000000000004	0.32799999999999996	0.2545	0.002500000000000005	where	0
122764:4	what did we do *t*-1 without it back then?	0.1159090909090909	0.12863636363636363	0.5149999999999999	0.24000000000000002	what	0
121466:9	well, what did you have *t*-1 for lunch?	0.18368421052631578	0.06421052631578948	0.7399999999999999	0.01157894736842106	what	0
24525:28	well, how do you, how do you feel *t*-1 about, uh, companies drug testing prior to *-2 hiring?	0.14772727272727273	0.01681818181818182	0.730909090909091	0.10454545454545454	how	0
17790:13	and, uh, what is the other one called *-2 *t*-1.	0.00421052631578948	0.06894736842105263	0.8563157894736841	0.07052631578947367	what	0
43249:4	where do you all live *t*-1?	0.09473684210526316	0.04842105263157894	0.856842105263158	0.0	where	0
152555:8	so what else do you think 0 *t*-1 is important?	0.29526315789473684	0.42684210526315786	0.14578947368421052	0.13210526315789475	what	0
175410:9	uh, what would you do *t*-1 *-2 to change it? to make it better?	0.4	0.26210526315789473	0.2752631578947369	0.06210526315789475	what	1
174853:7	so how do you feel *t*-1 about it?	0.2688888888888889	0.04944444444444445	0.45055555555555554	0.23111111111111113	how	0
37508:7	well how do you think 0 the royals are going *-1 to do *t*-2?	0.0495	0.1305	0.4795	0.3405	how	0
104736:4	what did you think *t*-1 about that idea?	0.21631578947368424	0.2157894736842105	0.308421052631579	0.2594736842105263	what	0
177088:4	how can you really deal with an environment where you're going *-1 to lose everything *t*-2 *t*-3.	0.06666666666666667	0.3138888888888889	0.2711111111111111	0.34833333333333333	how	1
122760:31	wh-, i-, what would we do *t*-1 without it?.	0.11421052631578947	0.12999999999999998	0.15210526315789472	0.6036842105263158	what	1
109198:4	why don't you go ahead and say what you feel *t*-1 *t*-2,	0.14700000000000002	0.18850000000000003	0.36300000000000004	0.30100000000000005	why	0
19308:21	and finally, you know, who *t*-1 knows	0.06388888888888891	0.275	0.013888888888888888	0.6466666666666667	who	0
8878:4	what *t*-1 are some of your things 0 you like *-2 to do *t*-3?	0.5311111111111112	0.19166666666666668	0.11833333333333333	0.1588888888888889	what	0
50695:4	how would they decide who *t*-1 goes into, uh, * building fire breaks in yosemite national park and who *t*-2 goes to saudi arabia *t*-3?	0.04333333333333333	0.2785714285714285	0.4904761904761905	0.1876190476190476	how	1
129842:4	what are some of the things 0 they don't recycle *t*-1 *t*-2.	0.5552380952380952	0.3723809523809524	0.056666666666666664	0.015714285714285715	what	0
60165:4	what did they do *t*-1,	0.1361904761904762	0.18523809523809523	0.5352380952380953	0.14333333333333334	what	0
21324:26	so what do you, what do you consider *t*-1 your favorite shows?	0.5384210526315789	0.16473684210526315	0.10210526315789474	0.19473684210526315	what	0
65725:4	why * not an apprentice out to a, a company and learn from down on the bottom as a wood worker or, you know, just a technician *t*-1?	0.0940909090909091	0.24227272727272728	0.2595454545454546	0.40363636363636357	why	0
165357:31	w-, w-, what baud rate do you get *t*-1?	0.03200000000000001	0.118	0.6144999999999999	0.23550000000000004	what	0
176495:4	what did you do *t*-1 when your kids were growing up *t*-2?	0.2947368421052632	0.358421052631579	0.29421052631578953	0.05263157894736843	what	0
158732:7	well what do y-,	0.09526315789473684	0.03894736842105264	0.12842105263157896	0.7373684210526316	what	0
148052:4	what do you call them *t*-2 the guys that *t*-1 orchestrate the con-, the conductors.	0.002	0.11500000000000002	0.7024999999999999	0.1805	what	0
46621:28	well, what a wh-, what do we currently have *t*-1,	0.308	0.1145	0.268	0.3095	what	0
161205:9	well, how do they become s-,	0.0561111111111111	0.15333333333333332	0.5166666666666667	0.2738888888888889	how	0
147920:6	or what era do you, era do you like *t*-1 the most?	0.12142857142857144	0.2919047619047619	0.5547619047619048	0.031904761904761915	what	0
93254:4	what's the best part *t*-1, from your point of view?	0.15055555555555558	0.08000000000000002	0.7022222222222222	0.06722222222222224	what	0
115884:16	what, what state do you live in *t*-1?	5.843279076974526e-18	0.04947368421052632	0.7952631578947368	0.15421052631578946	what	0
117541:6	and what do you have *t*-1?	0.4755000000000001	0.18649999999999997	0.32799999999999996	0.01	what	0
136162:16	what, what ones do you get into *t*-1?	0.6757894736842105	0.15105263157894738	0.07631578947368421	0.0968421052631579	what	0
51567:8	so, what *t*-1 made you decide *-2 to put her in a montessori school?	0.3142105263157895	0.12473684210526316	0.4957894736842105	0.06473684210526316	what	0
173812:5	what *ich*-2 do you feel that your kids are getting *t*-1 in the parochial schools that they wouldn't get *t*-3 in a, the public school system?	0.6226315789473684	0.16263157894736843	0.2115789473684211	0.002631578947368416	what	1
113988:4	what do you think *t*-1 about that?	0.44333333333333336	0.40380952380952384	0.03761904761904762	0.11523809523809524	what	0
160511:4	how can it be bad *t*-1?	0.23650000000000002	0.4565	0.13199999999999998	0.175	how	1
11053:4	where do you live *t*-1?	0.0	0.0	0.9938095238095238	0.005714285714285714	where	0
5413:9	well, what newspapers, uh, do you read *t*-1 in dallas?	0.5942105263157894	0.11526315789473686	0.09263157894736844	0.19789473684210526	what	0
142841:4	where do you think 0 they're headed *t*-1,	0.0680952380952381	0.1761904761904762	0.4019047619047619	0.3538095238095238	where	0
141308:59	so, so, *-2 to make one successful, i mean, i mean what do you all do *t*-1.	0.25	0.2831578947368421	0.36894736842105263	0.09789473684210526	what	0
52078:4	what do you mean *t*-1	0.1165	0.15699999999999997	0.45600000000000007	0.2705	what	0
167702:97	because you're, you've, you've sat down with a piece of paper and said well * let's see what are we going *-1 to,	0.2411111111111111	0.09444444444444444	0.39388888888888896	0.27	what	0
853:4	why don't we do that *t*-1?	0.0580952380952381	0.17428571428571427	0.5642857142857144	0.2033333333333333	why	0
160516:4	why can't trees break down *t*-1?	0.1994736842105263	0.2921052631578947	0.49000000000000005	0.01842105263157896	why	1
164740:9	so, how did that happen *t*-1, anyway?	0.15666666666666668	0.21055555555555555	0.5855555555555555	0.047222222222222235	how	0
101752:4	what's that mean *t*-1?.	0.10368421052631578	0.15473684210526314	0.49105263157894735	0.25052631578947365	what	0
28728:4	how are we supposed *-3 to present the imagine that we're supposed *-4 to present *t*-7 with equipment that *t*-5's outdated, that *t*-6's obsolete *t*-8	0.12526315789473683	0.2694736842105263	0.31473684210526315	0.2905263157894737	how	0
124922:16	what, what can you.	0.08285714285714287	0.32285714285714284	0.08476190476190477	0.5095238095238095	what	1
24617:9	and then how would you feel afterwards when you came up *-4 negative and, you know, your supervisor has accused you of *-1 using drugs *t*-2 *t*-3.	0.06210526315789473	0.1731578947368421	0.601578947368421	0.1631578947368421	how	1
28513:4	what's the word 0 i'm looking for *t*-1 *t*-2,	0.0	0.12000000000000001	0.7747368421052631	0.10526315789473684	what	0
73419:4	where'd you live *t*-1	0.1719047619047619	0.03571428571428572	0.7914285714285715	0.0009523809523809524	where	0
154239:7	so what do you do *t*-1?	0.2619047619047619	0.17285714285714285	0.37238095238095237	0.19238095238095237	what	0
102292:4	what have you seen *t*-1 lately?	0.266	0.6080000000000001	0.05800000000000001	0.06799999999999999	what	0
39788:24	so which, uh, what basketball teams are you interested in *t*-1?	0.6495454545454545	0.03636363636363637	0.040454545454545465	0.2736363636363636	what	0
92665:4	what did she do with *t*-1,	0.05052631578947368	0.10736842105263159	0.3863157894736842	0.45526315789473687	what	0
147674:9	oh, what was the lady's name that *t*-1 ran a couple of *t*-2,	0.0	0.0	0.8894736842105262	0.1105263157894737	what	0
72602:4	how do i feel what *t*-1?	0.1223809523809524	0.11857142857142858	0.45571428571428574	0.30285714285714294	how	0
23663:4	what are some of your favorite foods *t*-1?	0.47611111111111115	0.29611111111111116	0.07388888888888892	0.15388888888888888	what	0
53708:4	what do you propose that they do *t*-1?	0.16950000000000004	0.465	0.2915	0.074	what	0
121023:4	what do you do *t*-1?	0.01789473684210527	0.05631578947368423	0.868421052631579	0.05736842105263158	what	0
54148:9	uh, what do you want *-1 to concentrate on *t*-2.	0.06789473684210527	0.41052631578947374	0.46842105263157896	0.05263157894736842	what	0
29722:4	how did you,	0.05136363636363637	0.1290909090909091	0.4668181818181818	0.3527272727272728	how	0
